{"a": 1, "black": 2, "dog": 3, "is": 4, "running": 5, "after": 6, "white": 7, "in": 8, "the": 9, "snow": 10, "chasing": 11, "brown": 12, "through": 13, "two": 14, "dogs": 15, "chase": 16, "each": 17, "other": 18, "across": 19, "snowy": 20, "ground": 21, "play": 22, "together": 23, "low": 24, "lying": 25, "body": 26, "of": 27, "water": 28, "little": 29, "baby": 30, "plays": 31, "girl": 32, "next": 33, "to": 34, "truck": 35, "child": 36, "playing": 37, "by": 38, "kid": 39, "front": 40, "car": 41, "with": 42, "put": 43, "and": 44, "ball": 45, "boy": 46, "beside": 47, "has": 48, "something": 49, "hot": 50, "pink": 51, "its": 52, "mouth": 53, "holding": 54, "hat": 55, "shirt": 56, "carrying": 57, "while": 58, "walking": 59, "looking": 60, "forward": 61, "along": 62, "beach": 63, "wearing": 64, "collar": 65, "walks": 66, "on": 67, "sand": 68, "near": 69, "large": 70, "ocean": 71, "red": 72, "frisbee": 73, "standing": 74, "sandy": 75, "disc": 76, "flying": 77, "air": 78, "catching": 79, "dropping": 80, "cyclist": 81, "helmet": 82, "riding": 83, "pavement": 84, "bike": 85, "street": 86, "person": 87, "down": 88, "woman": 89, "wears": 90, "blue": 91, "as": 92, "she": 93, "goes": 94, "for": 95, "ride": 96, "shade": 97, "road": 98, "man": 99, "dressed": 100, "purple": 101, "bandanna": 102, "smiles": 103, "at": 104, "people": 105, "watching": 106, "him": 107, "leather": 108, "poses": 109, "camera": 110, "stands": 111, "onlookers": 112, "there": 113, "men": 114, "t": 115, "woodland": 116, "runs": 117, "some": 118, "trees": 119, "young": 120, "dancing": 121, "around": 122, "short": 123, "sleeved": 124, "jeans": 125, "stops": 126, "smile": 127, "dress": 128, "back": 129, "smiling": 130, "braids": 131, "looks": 132, "green": 133, "skier": 134, "yellow": 135, "jacket": 136, "airborne": 137, "above": 138, "mountains": 139, "jumps": 140, "high": 141, "view": 142, "skiing": 143, "very": 144, "it": 145, "though": 146, "he": 147, "doing": 148, "ski": 149, "jump": 150, "pants": 151, "appears": 152, "almost": 153, "fly": 154, "into": 155, "sky": 156, "photographer": 157, "over": 158, "hills": 159, "natural": 160, "landscape": 161, "out": 162, "rolling": 163, "tripod": 164, "lady": 165, "her": 166, "set": 167, "up": 168, "field": 169, "record": 170, "bunch": 171, "girls": 172, "cheerleader": 173, "outfits": 174, "group": 175, "cheerleaders": 176, "parade": 177, "perform": 178, "many": 179, "walk": 180, "uniforms": 181, "boat": 182, "canopy": 183, "floating": 184, "calm": 185, "waters": 186, "roof": 187, "middle": 188, "floats": 189, "lake": 190, "catches": 191, "midair": 192, "terrier": 193, "leaping": 194, "object": 195, "old": 196, "sitting": 197, "an": 198, "advertisement": 199, "asian": 200, "waiting": 201, "train": 202, "stop": 203, "sits": 204, "station": 205, "backlit": 206, "subway": 207, "umbrella": 208, "wall": 209, "blond": 210, "trail": 211, "side": 212, "metal": 213, "fence": 214, "coat": 215, "rural": 216, "flute": 217, "parka": 218, "fenced": 219, "past": 220, "enclosed": 221, "area": 222, "family": 223, "including": 224, "four": 225, "children": 226, "pose": 227, "brick": 228, "fireplace": 229, "christmas": 230, "tree": 231, "posing": 232, "happy": 233, "couples": 234, "kids": 235, "picture": 236, "sweater": 237, "pointing": 238, "one": 239, "arms": 240, "outstretched": 241, "finger": 242, "pointed": 243, "another": 244, "stares": 245, "from": 246, "behind": 247, "who": 248, "his": 249, "look": 250, "toward": 251, "points": 252, "hallway": 253, "medium": 254, "sized": 255, "small": 256, "larger": 257, "grassy": 258, "big": 259, "tall": 260, "grass": 261, "three": 262, "flowers": 263, "stuffed": 264, "kitten": 265, "garden": 266, "among": 267, "toy": 268, "cat": 269, "long": 270, "raises": 271, "stripes": 272, "signs": 273, "african": 274, "american": 275, "building": 276, "space": 277, "orange": 278, "backwards": 279, "wet": 280, "stick": 281, "shore": 282, "bounds": 283, "splashing": 284, "off": 285, "paws": 286, "carries": 287, "are": 288, "racing": 289, "race": 290, "track": 291, "greyhounds": 292, "muzzles": 293, "inside": 294, "curb": 295, "dirt": 296, "run": 297, "baseball": 298, "pitcher": 299, "throws": 300, "player": 301, "glove": 302, "male": 303, "sports": 304, "outfit": 305, "tries": 306, "catch": 307, "wades": 308, "rock": 309, "shallow": 310, "reach": 311, "outcropping": 312, "light": 313, "paw": 314, "about": 315, "ready": 316, "swim": 317, "5": 318, "school": 319, "cross": 320, "takes": 321, "outside": 322, "photograph": 323, "taking": 324, "pictures": 325, "women": 326, "stand": 327, "jean": 328, "hand": 329, "chest": 330, "nose": 331, "writing": 332, "hands": 333, "video": 334, "store": 335, "denim": 336, "full": 337, "house": 338, "sunglasses": 339, "flowered": 340, "sit": 341, "nearby": 342, "left": 343, "adults": 344, "display": 345, "case": 346, "digital": 347, "glass": 348, "sides": 349, "holds": 350, "sideways": 351, "arm": 352, "snowboarder": 353, "ramp": 354, "snowboard": 355, "performing": 356, "trick": 357, "making": 358, "icy": 359, "mountain": 360, "climbers": 361, "line": 362, "their": 363, "way": 364, "covered": 365, "background": 366, "facing": 367, "jumping": 368, "hoop": 369, "ring": 370, "using": 371, "laptop": 372, "cellphone": 373, "against": 374, "use": 375, "bench": 376, "electronic": 377, "races": 378, "number": 379, "6": 380, "greyhound": 381, "muzzle": 382, "six": 383, "tan": 384, "gold": 385, "edge": 386, "cliff": 387, "rest": 388, "overlooking": 389, "top": 390, "couple": 391, "wooded": 392, "them": 393, "lined": 394, "friends": 395, "forest": 396, "path": 397, "woods": 398, "sponsored": 399, "smoking": 400, "tires": 401, "drives": 402, "rain": 403, "driving": 404, "advertising": 405, "lights": 406, "bearded": 407, "whilst": 408, "bicycle": 409, "bicycles": 410, "hair": 411, "gives": 412, "peace": 413, "sign": 414, "cap": 415, "crowd": 416, "waving": 417, "flags": 418, "passing": 419, "under": 420, "bridge": 421, "or": 422, "banners": 423, "gets": 424, "pull": 425, "chair": 426, "meal": 427, "table": 428, "cafe": 429, "restaurant": 430, "getting": 431, "grabs": 432, "seat": 433, "racket": 434, "round": 435, "handle": 436, "backyard": 437, "lawn": 438, "clothing": 439, "yard": 440, "toys": 441, "enjoy": 442, "themselves": 443, "wind": 444, "blows": 445, "trampoline": 446, "blonde": 447, "bicyclists": 448, "between": 449, "wire": 450, "cyclists": 451, "country": 452, "desert": 453, "bikers": 454, "dry": 455, "land": 456, "climbing": 457, "steep": 458, "hill": 459, "climbs": 460, "great": 461, "spins": 462, "merry": 463, "go": 464, "watch": 465, "spinning": 466, "playground": 467, "that": 468, "skirt": 469, "golden": 470, "retriever": 471, "towards": 472, "away": 473, "bus": 474, "door": 475, "vehicle": 476, "window": 477, "passengers": 478, "hiding": 479, "peeking": 480, "striped": 481, "peeks": 482, "hold": 483, "drinks": 484, "point": 485, "bottles": 486, "several": 487, "this": 488, "photo": 489, "border": 490, "collie": 491, "bed": 492, "tennis": 493, "climber": 494, "peak": 495, "rocks": 496, "snowcapped": 497, "hikes": 498, "following": 499, "surrounded": 500, "distance": 501, "smoke": 502, "comes": 503, "starts": 504, "broken": 505, "during": 506, "racetrack": 507, "bull": 508, "leaves": 509, "bags": 510, "cave": 511, "luggage": 512, "backpacks": 513, "ice": 514, "visible": 515, "hole": 516, "starting": 517, "steps": 518, "murky": 519, "putting": 520, "legs": 521, "pond": 522, "busy": 523, "city": 524, "silhouette": 525, "buildings": 526, "crowded": 527, "shot": 528, "turned": 529, "chases": 530, "interacting": 531, "opposite": 532, "direction": 533, "fetch": 534, "also": 535, "outdoors": 536, "cameras": 537, "third": 538, "river": 539, "skis": 540, "backdrop": 541, "face": 542, "rope": 543, "swimming": 544, "creek": 545, "playfully": 546, "rolls": 547, "int": 548, "chewing": 549, "resting": 550, "game": 551, "elderly": 552, "straw": 553, "alone": 554, "park": 555, "haired": 556, "gray": 557, "dark": 558, "beard": 559, "guitar": 560, "head": 561, "ceiling": 562, "wide": 563, "drink": 564, "upward": 565, "reading": 566, "book": 567, "scarf": 568, "older": 569, "reads": 570, "motocross": 571, "motorcycle": 572, "tight": 573, "turn": 574, "motorbike": 575, "bright": 576, "someone": 577, "fall": 578, "rider": 579, "sleeping": 580, "makeshift": 581, "hanging": 582, "mountainside": 583, "skateboarder": 584, "skateboard": 585, "landing": 586, "teenage": 587, "flipping": 588, "tricks": 589, "colored": 590, "protest": 591, "banner": 592, "staring": 593, "religious": 594, "sidewalk": 595, "poster": 596, "image": 597, "teddy": 598, "bear": 599, "showing": 600, "stool": 601, "trying": 602, "sell": 603, "animals": 604, "selling": 605, "various": 606, "vendor": 607, "s": 608, "inflatable": 609, "guy": 610, "navy": 611, "shorts": 612, "pool": 613, "football": 614, "trunks": 615, "strange": 616, "diving": 617, "plastic": 618, "slide": 619, "equipment": 620, "fire": 621, "day": 622, "juggling": 623, "flames": 624, "bubbles": 625, "float": 626, "popping": 627, "right": 628, "shoes": 629, "sandals": 630, "tug": 631, "war": 632, "pulling": 633, "end": 634, "rottweiler": 635, "surf": 636, "wave": 637, "surfers": 638, "surfing": 639, "attempting": 640, "sea": 641, "huge": 642, "sunset": 643, "rides": 644, "biking": 645, "muddy": 646, "slope": 647, "crossing": 648, "heads": 649, "night": 650, "phone": 651, "talks": 652, "pile": 653, "rail": 654, "stunt": 655, "soccer": 656, "uniform": 657, "kick": 658, "match": 659, "watches": 660, "knee": 661, "female": 662, "break": 663, "driver": 664, "wheel": 665, "thumbs": 666, "before": 667, "polka": 668, "boots": 669, "purse": 670, "followed": 671, "redheaded": 672, "pedestrians": 673, "barefoot": 674, "cute": 675, "puppy": 676, "fetches": 677, "chew": 678, "fluffy": 679, "rings": 680, "dock": 681, "laughing": 682, "bucket": 683, "splashes": 684, "pier": 685, "beneath": 686, "dances": 687, "room": 688, "balloons": 689, "floor": 690, "socks": 691, "wooden": 692, "strewn": 693, "strings": 694, "confetti": 695, "wood": 696, "mother": 697, "both": 698, "ledge": 699, "scales": 700, "tent": 701, "being": 702, "enter": 703, "fishing": 704, "setting": 705, "hut": 706, "tarp": 707, "structure": 708, "surface": 709, "few": 710, "foam": 711, "statue": 712, "hats": 713, "take": 714, "photos": 715, "new": 716, "get": 717, "taken": 718, "fight": 719, "jersey": 720, "leaps": 721, "dives": 722, "going": 723, "sheer": 724, "climb": 725, "pretty": 726, "flat": 727, "rocky": 728, "card": 729, "what": 730, "says": 731, "they": 732, "bathing": 733, "suit": 734, "sprinklers": 735, "sprinkler": 736, "sliding": 737, "paddling": 738, "kiddie": 739, "lone": 740, "flies": 741, "pulled": 742, "shovel": 743, "distorted": 744, "open": 745, "ends": 746, "bottom": 747, "just": 748, "reaching": 749, "lands": 750, "reaches": 751, "piano": 752, "sings": 753, "preparing": 754, "sing": 755, "singer": 756, "music": 757, "teeth": 758, "tongue": 759, "curly": 760, "violin": 761, "walls": 762, "posters": 763, "chin": 764, "be": 765, "cover": 766, "teenager": 767, "struggles": 768, "carry": 769, "piggy": 770, "paved": 771, "covering": 772, "facial": 773, "style": 774, "headscarf": 775, "grey": 776, "bird": 777, "waves": 778, "roll": 779, "crane": 780, "onto": 781, "pole": 782, "swings": 783, "silver": 784, "swinging": 785, "bounces": 786, "leotard": 787, "hello": 788, "kitty": 789, "does": 790, "leg": 791, "splits": 792, "leans": 793, "board": 794, "platform": 795, "skateboarders": 796, "eating": 797, "seeds": 798, "eats": 799, "stone": 800, "friend": 801, "helps": 802, "help": 803, "how": 804, "helping": 805, "sweatshirt": 806, "not": 807, "far": 808, "racer": 809, "slightly": 810, "competition": 811, "circuit": 812, "cheering": 813, "grabbing": 814, "ankle": 815, "oklahoma": 816, "score": 817, "fans": 818, "cheer": 819, "athlete": 820, "performs": 821, "herself": 822, "bar": 823, "upside": 824, "attempts": 825, "feet": 826, "do": 827, "flip": 828, "blocks": 829, "concrete": 830, "carefully": 831, "crosses": 832, "reflection": 833, "caught": 834, "pajamas": 835, "hall": 836, "hardwood": 837, "lit": 838, "toddler": 839, "chairs": 840, "folding": 841, "row": 842, "talking": 843, "spotted": 844, "fast": 845, "seated": 846, "stadium": 847, "event": 848, "packed": 849, "indoor": 850, "duck": 851, "pet": 852, "chased": 853, "parachute": 854, "lifting": 855, "attached": 856, "parasail": 857, "suspended": 858, "silhouetted": 859, "sunny": 860, "gliding": 861, "sun": 862, "skateboarding": 863, "slides": 864, "railing": 865, "shines": 866, "skating": 867, "stair": 868, "stairs": 869, "have": 870, "pillow": 871, "having": 872, "skates": 873, "neck": 874, "flight": 875, "boats": 876, "boxing": 877, "boxers": 878, "fighting": 879, "box": 880, "faces": 881, "funny": 882, "makes": 883, "glasses": 884, "rusty": 885, "barks": 886, "barking": 887, "bark": 888, "hose": 889, "pouring": 890, "drinking": 891, "which": 892, "squirted": 893, "wings": 894, "swimsuits": 895, "lacrosse": 896, "players": 897, "control": 898, "team": 899, "breaks": 900, "hit": 901, "hockey": 902, "type": 903, "sport": 904, "like": 905, "sticks": 906, "guys": 907, "all": 908, "saying": 909, "free": 910, "dinner": 911, "cement": 912, "skate": 913, "prepares": 914, "hugging": 915, "embracing": 916, "hugs": 917, "basketball": 918, "make": 919, "basket": 920, "goal": 921, "dunking": 922, "grinding": 923, "snowboarding": 924, "homemade": 925, "made": 926, "piece": 927, "log": 928, "mid": 929, "leap": 930, "clear": 931, "wrapped": 932, "tape": 933, "brother": 934, "superman": 935, "cape": 936, "cast": 937, "material": 938, "airplane": 939, "plane": 940, "jet": 941, "seen": 942, "windows": 943, "headfirst": 944, "digging": 945, "brush": 946, "digs": 947, "greenhouse": 948, "tools": 949, "work": 950, "fishes": 951, "rod": 952, "boys": 953, "living": 954, "shown": 955, "wear": 956, "shirts": 957, "computer": 958, "eat": 959, "cream": 960, "adult": 961, "sat": 962, "world": 963, "college": 964, "tackled": 965, "jerseys": 966, "tackle": 967, "tackling": 968, "uniformed": 969, "try": 970, "fan": 971, "painting": 972, "paint": 973, "within": 974, "painted": 975, "bleachers": 976, "3": 977, "spots": 978, "palm": 979, "stretch": 980, "framed": 981, "sale": 982, "fallen": 983, "dead": 984, "church": 985, "bicyclist": 986, "aerial": 987, "scooter": 988, "suburban": 989, "neighborhood": 990, "center": 991, "rollerblades": 992, "rollerblader": 993, "narrow": 994, "roller": 995, "grinds": 996, "rollerblading": 997, "participate": 998, "martial": 999, "arts": 1000, "tournament": 1001, "mat": 1002, "protective": 1003, "gear": 1004, "helmets": 1005, "sparring": 1006, "skateboards": 1007, "skater": 1008, "flag": 1009, "headband": 1010, "vest": 1011, "indoors": 1012, "handrail": 1013, "foot": 1014, "indian": 1015, "crossed": 1016, "folded": 1017, "outdoor": 1018, "market": 1019, "shining": 1020, "graffiti": 1021, "plank": 1022, "no": 1023, "gallery": 1024, "naked": 1025, "individuals": 1026, "chinese": 1027, "ladies": 1028, "bank": 1029, "lockers": 1030, "retrieves": 1031, "seaweed": 1032, "coming": 1033, "mossy": 1034, "hiker": 1035, "descends": 1036, "hiking": 1037, "leafy": 1038, "gravel": 1039, "amidst": 1040, "autumn": 1041, "others": 1042, "laugh": 1043, "touching": 1044, "laughs": 1045, "fun": 1046, "splash": 1047, "wading": 1048, "bald": 1049, "drag": 1050, "dresses": 1051, "matching": 1052, "jewelry": 1053, "clothes": 1054, "formally": 1055, "jumped": 1056, "somthing": 1057, "walkway": 1058, "biker": 1059, "moving": 1060, "furry": 1061, "doorway": 1062, "leading": 1063, "plants": 1064, "patio": 1065, "potted": 1066, "hairy": 1067, "step": 1068, "cars": 1069, "start": 1070, "beginning": 1071, "see": 1072, "racers": 1073, "sled": 1074, "harness": 1075, "pack": 1076, "winter": 1077, "soaking": 1078, "wheelie": 1079, "terrain": 1080, "turquoise": 1081, "guard": 1082, "thin": 1083, "markings": 1084, "ears": 1085, "throwing": 1086, "tossing": 1087, "touches": 1088, "challenging": 1089, "teams": 1090, "quickly": 1091, "meadow": 1092, "surfer": 1093, "crashing": 1094, "follows": 1095, "surfboard": 1096, "laying": 1097, "power": 1098, "lines": 1099, "unusual": 1100, "shaped": 1101, "stump": 1102, "referee": 1103, "breaking": 1104, "artist": 1105, "canvas": 1106, "overalls": 1107, "travels": 1108, "heavily": 1109, "german": 1110, "shepherd": 1111, "leash": 1112, "leashed": 1113, "falling": 1114, "backward": 1115, "urban": 1116, "partially": 1117, "guitars": 1118, "suits": 1119, "electric": 1120, "musicians": 1121, "curtain": 1122, "frolics": 1123, "mini": 1124, "heels": 1125, "lap": 1126, "steers": 1127, "suv": 1128, "jeep": 1129, "cords": 1130, "flock": 1131, "birds": 1132, "mural": 1133, "pigeons": 1134, "bride": 1135, "held": 1136, "polo": 1137, "hides": 1138, "bushes": 1139, "cushion": 1140, "spider": 1141, "patterned": 1142, "base": 1143, "close": 1144, "dirty": 1145, "crashes": 1146, "beyond": 1147, "relaxing": 1148, "trench": 1149, "waits": 1150, "sculpture": 1151, "bikini": 1152, "pulls": 1153, "skaters": 1154, "rink": 1155, "scenery": 1156, "bounce": 1157, "filled": 1158, "bouncy": 1159, "castle": 1160, "swimsuit": 1161, "tightrope": 1162, "students": 1163, "quad": 1164, "but": 1165, "falls": 1166, "practice": 1167, "asking": 1168, "daughter": 1169, "nice": 1170, "pretending": 1171, "biting": 1172, "limb": 1173, "branch": 1174, "gnawing": 1175, "plant": 1176, "uncut": 1177, "barrel": 1178, "buckets": 1179, "poles": 1180, "seven": 1181, "teenagers": 1182, "wait": 1183, "gate": 1184, "puts": 1185, "raised": 1186, "newspaper": 1187, "kitchen": 1188, "owner": 1189, "retrieving": 1190, "paper": 1191, "tile": 1192, "sharing": 1193, "kiss": 1194, "cold": 1195, "kissing": 1196, "passes": 1197, "teen": 1198, "coats": 1199, "tunnel": 1200, "halloween": 1201, "eyes": 1202, "crawls": 1203, "beautiful": 1204, "tube": 1205, "leads": 1206, "trucks": 1207, "five": 1208, "obstacle": 1209, "course": 1210, "elephant": 1211, "fabric": 1212, "trunk": 1213, "colorful": 1214, "foliage": 1215, "swimmers": 1216, "move": 1217, "mud": 1218, "puddle": 1219, "identical": 1220, "shirtless": 1221, "couch": 1222, "disk": 1223, "show": 1224, "wheeled": 1225, "tricycle": 1226, "i": 1227, "wheeler": 1228, "2": 1229, "wheels": 1230, "carnival": 1231, "worker": 1232, "animal": 1233, "amongst": 1234, "camping": 1235, "patches": 1236, "ditch": 1237, "dribbles": 1238, "moves": 1239, "coffee": 1240, "gather": 1241, "home": 1242, "outstreached": 1243, "begins": 1244, "plaid": 1245, "print": 1246, "rescue": 1247, "follow": 1248, "lead": 1249, "flips": 1250, "canoe": 1251, "still": 1252, "fat": 1253, "traveling": 1254, "stepping": 1255, "shaggy": 1256, "foreground": 1257, "inline": 1258, "public": 1259, "dust": 1260, "sooners": 1261, "lifted": 1262, "same": 1263, "athletes": 1264, "waterfall": 1265, "waterfalls": 1266, "guns": 1267, "shooting": 1268, "beige": 1269, "athletic": 1270, "coach": 1271, "whistle": 1272, "beagle": 1273, "hound": 1274, "costumes": 1275, "frame": 1276, "unseen": 1277, "multi": 1278, "excited": 1279, "audience": 1280, "parallel": 1281, "kicks": 1282, "opponent": 1283, "compete": 1284, "karate": 1285, "clapping": 1286, "ran": 1287, "lift": 1288, "skiers": 1289, "shakes": 1290, "shaking": 1291, "hoodie": 1292, "horse": 1293, "jockey": 1294, "performer": 1295, "stage": 1296, "spectators": 1297, "onstage": 1298, "presentation": 1299, "aged": 1300, "dj": 1301, "deck": 1302, "younger": 1303, "tables": 1304, "meet": 1305, "goggles": 1306, "swimmer": 1307, "apple": 1308, "place": 1309, "bag": 1310, "backpack": 1311, "tattoo": 1312, "clown": 1313, "practicing": 1314, "craft": 1315, "clearing": 1316, "rough": 1317, "collars": 1318, "extreme": 1319, "backpacker": 1320, "uses": 1321, "camcorder": 1322, "tosses": 1323, "empty": 1324, "bottle": 1325, "volleyball": 1326, "talk": 1327, "bikinis": 1328, "marketplace": 1329, "ascending": 1330, "horizontal": 1331, "shephard": 1332, "pair": 1333, "spray": 1334, "fountain": 1335, "splashed": 1336, "sprayed": 1337, "closeup": 1338, "screen": 1339, "life": 1340, "unicycle": 1341, "lining": 1342, "location": 1343, "ferry": 1344, "shoreline": 1345, "dolphin": 1346, "pokes": 1347, "shoe": 1348, "corner": 1349, "shoulders": 1350, "these": 1351, "noses": 1352, "numbers": 1353, "dune": 1354, "watercraft": 1355, "swing": 1356, "gestures": 1357, "closed": 1358, "poodle": 1359, "sticking": 1360, "butt": 1361, "tattooed": 1362, "gentleman": 1363, "half": 1364, "relaxes": 1365, "where": 1366, "parked": 1367, "topless": 1368, "snowbank": 1369, "kneeling": 1370, "ridge": 1371, "pass": 1372, "sleeveless": 1373, "floppy": 1374, "cigarette": 1375, "blanket": 1376, "hooded": 1377, "pipe": 1378, "bubble": 1379, "machine": 1380, "bites": 1381, "blowing": 1382, "swims": 1383, "chunk": 1384, "throw": 1385, "snowball": 1386, "grins": 1387, "paddles": 1388, "vertical": 1389, "approaching": 1390, "backs": 1391, "tank": 1392, "official": 1393, "marsh": 1394, "mostly": 1395, "swampy": 1396, "rubber": 1397, "chickens": 1398, "chicken": 1399, "eight": 1400, "balls": 1401, "bottoms": 1402, "pushes": 1403, "stroller": 1404, "brunette": 1405, "pushing": 1406, "carriage": 1407, "females": 1408, "hurdle": 1409, "lay": 1410, "hang": 1411, "snowman": 1412, "flower": 1413, "figure": 1414, "costume": 1415, "party": 1416, "branches": 1417, "bends": 1418, "alley": 1419, "cowboy": 1420, "lasso": 1421, "twirling": 1422, "cart": 1423, "(": 1424, "carrier": 1425, "rack": 1426, "shopping": 1427, "apart": 1428, "camouflage": 1429, "blow": 1430, "sledding": 1431, "snowsuit": 1432, "town": 1433, "leashes": 1434, "strap": 1435, "bite": 1436, "strip": 1437, "steering": 1438, "ship": 1439, "cloudy": 1440, "skies": 1441, "sailboat": 1442, "van": 1443, "rv": 1444, "snake": 1445, "lean": 1446, "different": 1447, "tub": 1448, "bin": 1449, "multicolored": 1450, "pen": 1451, "enclosure": 1452, "pit": 1453, "cut": 1454, "balloon": 1455, "only": 1456, "underwear": 1457, "marker": 1458, "drawing": 1459, "safety": 1460, "neon": 1461, "ribbons": 1462, "competing": 1463, "covers": 1464, "vests": 1465, "you": 1466, "hi": 1467, "viz": 1468, "jackets": 1469, "returns": 1470, "horses": 1471, "pony": 1472, "stare": 1473, "shop": 1474, "mall": 1475, "food": 1476, "court": 1477, "art": 1478, "turns": 1479, "ladder": 1480, "headed": 1481, "frozen": 1482, "treat": 1483, "eyed": 1484, "ahead": 1485, "ropes": 1486, "harnesses": 1487, "balance": 1488, "dangling": 1489, "straps": 1490, "kicking": 1491, "miami": 1492, "university": 1493, "scene": 1494, "classic": 1495, "well": 1496, "thrown": 1497, "dancers": 1498, "dance": 1499, "prepare": 1500, "hillside": 1501, "kayaker": 1502, "kayaking": 1503, "kayak": 1504, "spot": 1505, "warmly": 1506, "blurry": 1507, "tag": 1508, "touch": 1509, "riders": 1510, "shoulder": 1511, "motorbikes": 1512, "farm": 1513, "sheep": 1514, "goat": 1515, "twisting": 1516, "graffitied": 1517, "stars": 1518, "bridal": 1519, "wedding": 1520, "ten": 1521, "groom": 1522, "except": 1523, "bridesmaids": 1524, "lays": 1525, "rests": 1526, "stream": 1527, "eye": 1528, "bush": 1529, "photographs": 1530, "canal": 1531, "muzzled": 1532, "#": 1533, "numbered": 1534, "police": 1535, "officer": 1536, "cop": 1537, "fake": 1538, "mask": 1539, "tie": 1540, "handing": 1541, "papers": 1542, "button": 1543, "business": 1544, "attire": 1545, "straight": 1546, "profile": 1547, "blurred": 1548, "bicycler": 1549, "pop": 1550, "weather": 1551, "happily": 1552, "candles": 1553, "lighting": 1554, "ridden": 1555, "colors": 1556, "eastern": 1557, "give": 1558, "chubby": 1559, "peers": 1560, "device": 1561, "pad": 1562, "writes": 1563, "motorcyclist": 1564, "speed": 1565, "sharp": 1566, "crouches": 1567, "bmx": 1568, "without": 1569, "boarding": 1570, "trotting": 1571, "stuck": 1572, "trails": 1573, "pine": 1574, "4": 1575, "atv": 1576, "drive": 1577, "net": 1578, "logo": 1579, "skimpy": 1580, "soaring": 1581, "underneath": 1582, "batting": 1583, "sweaters": 1584, "wade": 1585, "military": 1586, "speak": 1587, "crying": 1588, "bending": 1589, "checking": 1590, "owners": 1591, "hits": 1592, "bat": 1593, "catcher": 1594, "teal": 1595, "japanese": 1596, "aqua": 1597, "handstand": 1598, "lab": 1599, "below": 1600, "headphones": 1601, "elevator": 1602, "kites": 1603, "range": 1604, "camel": 1605, "camels": 1606, "trots": 1607, "agility": 1608, "lifts": 1609, "bare": 1610, "launches": 1611, "asleep": 1612, "machines": 1613, "money": 1614, "sleeps": 1615, "maroon": 1616, "dalmation": 1617, "chews": 1618, "hind": 1619, "counter": 1620, "handbag": 1621, "grocery": 1622, "corn": 1623, "cob": 1624, "ear": 1625, "listens": 1626, "mobile": 1627, "come": 1628, "sets": 1629, "horizon": 1630, "cricket": 1631, "participating": 1632, "opposing": 1633, "pick": 1634, "watermelon": 1635, "picking": 1636, "watermelons": 1637, "flowery": 1638, "stretches": 1639, "circle": 1640, "brightly": 1641, "teaches": 1642, "festival": 1643, "stretching": 1644, "legged": 1645, "plain": 1646, "puppies": 1647, "grab": 1648, "share": 1649, "alongside": 1650, "sister": 1651, "mickey": 1652, "mouse": 1653, "professional": 1654, "plate": 1655, "guarding": 1656, "runner": 1657, "softball": 1658, "block": 1659, "khaki": 1660, "pours": 1661, "wine": 1662, "dim": 1663, "belongings": 1664, "time": 1665, "lot": 1666, "choppy": 1667, "wetsuit": 1668, "rapids": 1669, "rafting": 1670, "leaving": 1671, "single": 1672, "exhibit": 1673, "class": 1674, "porch": 1675, "clad": 1676, "scantily": 1677, "dish": 1678, "towel": 1679, "cloth": 1680, "boxer": 1681, "pitbull": 1682, "uphill": 1683, "watched": 1684, "sneakers": 1685, "highway": 1686, "item": 1687, "ribbon": 1688, "horns": 1689, "goats": 1690, "earphones": 1691, "surprised": 1692, "foggy": 1693, "strollers": 1694, "pushed": 1695, "first": 1696, "bikes": 1697, "fist": 1698, "gloves": 1699, "giant": 1700, "circular": 1701, "perched": 1702, "opening": 1703, "atop": 1704, "kneels": 1705, "sprays": 1706, "push": 1707, "policeman": 1708, "crosswalk": 1709, "traffic": 1710, "chainsaw": 1711, "carving": 1712, "reflective": 1713, "racquet": 1714, "parking": 1715, "printed": 1716, "attempt": 1717, "goalie": 1718, "dreadlocks": 1719, "bowls": 1720, "liquid": 1721, "mug": 1722, "beer": 1723, "lunges": 1724, "balcony": 1725, "bouncing": 1726, "hopping": 1727, "magazines": 1728, "fruit": 1729, "fish": 1730, "paddle": 1731, "father": 1732, "tossed": 1733, "monkey": 1734, "bars": 1735, "jungle": 1736, "gym": 1737, "mess": 1738, "skiiers": 1739, "dachshund": 1740, "cones": 1741, "pads": 1742, "really": 1743, "wand": 1744, "speaks": 1745, "cup": 1746, "birthday": 1747, "celebrate": 1748, "cake": 1749, "seating": 1750, "parents": 1751, "skull": 1752, "motorcycles": 1753, "motorcyclists": 1754, "interesting": 1755, "formations": 1756, "licking": 1757, "sniffing": 1758, "desk": 1759, "meeting": 1760, "decorated": 1761, "gathered": 1762, "clouds": 1763, "lots": 1764, "raising": 1765, "parachuting": 1766, "ponytail": 1767, "lips": 1768, "tool": 1769, "rug": 1770, "carpet": 1771, "checkered": 1772, "tiger": 1773, "picnic": 1774, "hike": 1775, "barren": 1776, "bend": 1777, "gymnastics": 1778, "seashore": 1779, "shows": 1780, "fur": 1781, "balances": 1782, "staircase": 1783, "scaling": 1784, "repels": 1785, "studio": 1786, "tops": 1787, "clothed": 1788, "soars": 1789, "slopes": 1790, "surrounding": 1791, "smaller": 1792, "tail": 1793, "sniffs": 1794, "batman": 1795, "makeup": 1796, "giving": 1797, "celebrating": 1798, "beret": 1799, "mustache": 1800, "conversation": 1801, "joy": 1802, "chain": 1803, "transportation": 1804, "camo": 1805, "photographed": 1806, "sort": 1807, "darkened": 1808, "bowl": 1809, "hikers": 1810, "backpacking": 1811, "santa": 1812, "sofa": 1813, "claus": 1814, "mirror": 1815, "surfs": 1816, "leaning": 1817, "stairway": 1818, "garbage": 1819, "can": 1820, "trash": 1821, "cans": 1822, "trashcan": 1823, "cardboard": 1824, "boxes": 1825, "instrument": 1826, "musician": 1827, "tire": 1828, "rocking": 1829, "deep": 1830, "overhang": 1831, "motion": 1832, "storefront": 1833, "entrance": 1834, "jagged": 1835, "peach": 1836, "enjoys": 1837, "stomach": 1838, "wakeboard": 1839, "read": 1840, "pacifier": 1841, "sucking": 1842, "soldier": 1843, "shaved": 1844, "boulder": 1845, "approaches": 1846, "shower": 1847, "bounding": 1848, "museum": 1849, "zip": 1850, "cable": 1851, "arena": 1852, "jumpsuit": 1853, "bent": 1854, "dunes": 1855, "jockeys": 1856, "wrestle": 1857, "warm": 1858, "intersection": 1859, "beanie": 1860, "blocked": 1861, "members": 1862, "fetching": 1863, "teammate": 1864, "quarterback": 1865, "summit": 1866, "rails": 1867, "robes": 1868, "tattoos": 1869, "bow": 1870, "picks": 1871, "airport": 1872, "overhead": 1873, "amusement": 1874, "arcade": 1875, "blindfolded": 1876, "o": 1877, "written": 1878, "burning": 1879, "handles": 1880, "wheelbarrow": 1881, "whose": 1882, "been": 1883, "turning": 1884, "tiny": 1885, "cow": 1886, "necklace": 1887, "cliffs": 1888, "band": 1889, "dollar": 1890, "instruments": 1891, "underwater": 1892, "fingers": 1893, "chocolate": 1894, "act": 1895, "silly": 1896, "gas": 1897, "curve": 1898, "placed": 1899, "union": 1900, "jack": 1901, "backstroke": 1902, "bunny": 1903, "hurdles": 1904, "tri": 1905, "tents": 1906, "barrier": 1907, "fuzzy": 1908, "creature": 1909, "cups": 1910, "marathon": 1911, "runners": 1912, "lane": 1913, "rag": 1914, "dried": 1915, "containing": 1916, "cage": 1917, "crawling": 1918, "pieces": 1919, "gymnast": 1920, "gymnasium": 1921, "infant": 1922, "squatting": 1923, "beverage": 1924, "overweight": 1925, "yawning": 1926, "homeless": 1927, "sheet": 1928, "serve": 1929, "portrait": 1930, "action": 1931, "boardwalk": 1932, "too": 1933, "village": 1934, "masks": 1935, "embrace": 1936, "garb": 1937, "enjoying": 1938, "downhill": 1939, "cats": 1940, "pug": 1941, "mohawk": 1942, "drums": 1943, "feathers": 1944, "drum": 1945, "tussle": 1946, "deflated": 1947, "string": 1948, "traditional": 1949, "elaborate": 1950, "butterfly": 1951, "order": 1952, "posed": 1953, "stretched": 1954, "jogging": 1955, "pitch": 1956, "rugby": 1957, "hula": 1958, "hoops": 1959, "maneuvers": 1960, "link": 1961, "nap": 1962, "tutu": 1963, "waterskiing": 1964, "waterskier": 1965, "colourful": 1966, "snowboards": 1967, "snowmobile": 1968, "blocking": 1969, "army": 1970, "fairy": 1971, "raft": 1972, "innertube": 1973, "monument": 1974, "mountaintop": 1975, "pyramid": 1976, "directions": 1977, "mouths": 1978, "lies": 1979, "coaster": 1980, "flipped": 1981, "multiple": 1982, "motorized": 1983, "wheelchair": 1984, "shops": 1985, "distant": 1986, "things": 1987, "floral": 1988, "wagon": 1989, "umbrellas": 1990, "beads": 1991, "pigtails": 1992, "heart": 1993, "fancy": 1994, "robe": 1995, "bagpipe": 1996, "medieval": 1997, "similar": 1998, "trumpet": 1999, "marching": 2000, "fog": 2001, "balancing": 2002, "tractor": 2003, "squirrel": 2004, "melting": 2005, "mound": 2006, "heavy": 2007, "rowboat": 2008, "rowing": 2009, "boards": 2010, "boogie": 2011, "ninja": 2012, "security": 2013, "series": 2014, "beam": 2015, "snowboarders": 2016, "dancer": 2017, "batter": 2018, "dusk": 2019, "wakeboarder": 2020, "emerges": 2021, "dandelion": 2022, "toe": 2023, "spread": 2024, "tourists": 2025, "injured": 2026, "color": 2027, "fireworks": 2028, "sparklers": 2029, "kisses": 2030, "scarves": 2031, "cows": 2032, "herding": 2033, "skeleton": 2034, "sail": 2035, "thumb": 2036, "ticket": 2037, "dimly": 2038, "singing": 2039, "club": 2040, "guitarist": 2041, "microphone": 2042, "listening": 2043, "chopsticks": 2044, "pot": 2045, "pan": 2046, "items": 2047, "kilt": 2048, "own": 2049, "soda": 2050, "sunlight": 2051, "patch": 2052, "shades": 2053, "shadow": 2054, "post": 2055, "fellow": 2056, "formal": 2057, "skinned": 2058, "filling": 2059, "watery": 2060, "canoeing": 2061, "casting": 2062, "playful": 2063, "construction": 2064, "works": 2065, "breed": 2066, "smooth": 2067, "mans": 2068, "handed": 2069, "so": 2070, "waterway": 2071, "crowds": 2072, "complete": 2073, "finish": 2074, "benches": 2075, "checked": 2076, "descending": 2077, "knees": 2078, "crouching": 2079, "position": 2080, "stripped": 2081, "skips": 2082, "located": 2083, "midst": 2084, "part": 2085, "overlooks": 2086, "valley": 2087, "forested": 2088, "european": 2089, "stoop": 2090, "trainer": 2091, "wrestling": 2092, "candy": 2093, "cloud": 2094, "footballers": 2095, "baseman": 2096, "league": 2097, "rival": 2098, "second": 2099, "hangs": 2100, "flannel": 2101, "streets": 2102, "progress": 2103, "cameraman": 2104, "pounces": 2105, "males": 2106, "fashioned": 2107, "cowboys": 2108, "rodeo": 2109, "bucking": 2110, "fisherman": 2111, "kayaks": 2112, "pitching": 2113, "practices": 2114, "trains": 2115, "husky": 2116, "emerging": 2117, "opens": 2118, "horseback": 2119, "cooking": 2120, "bound": 2121, "lime": 2122, "corgi": 2123, "concert": 2124, "parasailing": 2125, "workers": 2126, "jar": 2127, "knit": 2128, "feathered": 2129, "caution": 2130, "feather": 2131, "purses": 2132, "cheek": 2133, "tracks": 2134, "pale": 2135, "tugging": 2136, "playhouse": 2137, "shoot": 2138, "diner": 2139, "played": 2140, "8": 2141, "huddle": 2142, "musical": 2143, "juggles": 2144, "growling": 2145, "doberman": 2146, "buried": 2147, "stones": 2148, "pointy": 2149, "appear": 2150, "navigates": 2151, "himself": 2152, "greenery": 2153, "smokes": 2154, "whist": 2155, "tags": 2156, "creating": 2157, "crash": 2158, "clings": 2159, "rear": 2160, "retrieve": 2161, "summer": 2162, "hitting": 2163, "canyon": 2164, "pauses": 2165, "skinny": 2166, "jumper": 2167, "bungee": 2168, "weeds": 2169, "rainbow": 2170, "kite": 2171, "raincoat": 2172, "juice": 2173, "fencing": 2174, "bundled": 2175, "characters": 2176, "billboard": 2177, "itself": 2178, "everywhere": 2179, "monster": 2180, "plaza": 2181, "square": 2182, "training": 2183, "asphalt": 2184, "sprints": 2185, "leaf": 2186, "casts": 2187, "shrubs": 2188, "belly": 2189, "lush": 2190, "countryside": 2191, "peaks": 2192, "teaching": 2193, "officers": 2194, "policemen": 2195, "speaking": 2196, "formation": 2197, "bumpy": 2198, "hay": 2199, "pumpkin": 2200, "star": 2201, "sparkler": 2202, "skirts": 2203, "shoveling": 2204, "shovels": 2205, "hear": 2206, "windsurfing": 2207, "snack": 2208, "caps": 2209, "speeds": 2210, "overpass": 2211, "attention": 2212, "tropical": 2213, "resort": 2214, "human": 2215, "doll": 2216, "driven": 2217, "boarder": 2218, "geese": 2219, "lower": 2220, "carpeted": 2221, "awning": 2222, "licks": 2223, "extended": 2224, "fencers": 2225, "fair": 2226, "upper": 2227, "driveway": 2228, "amid": 2229, "bearing": 2230, "gazes": 2231, "slalom": 2232, "poodles": 2233, "interact": 2234, "bone": 2235, "artificial": 2236, "hard": 2237, "wrestler": 2238, "wrestlers": 2239, "tuxedos": 2240, "pathway": 2241, "son": 2242, "expression": 2243, "mountainous": 2244, "mom": 2245, "jesus": 2246, "carried": 2247, "wakeboarding": 2248, "song": 2249, "serious": 2250, "dribbling": 2251, "rafts": 2252, "bread": 2253, "glides": 2254, "babies": 2255, "beak": 2256, "vehicles": 2257, "newspapers": 2258, "community": 2259, "rollerskating": 2260, "headdress": 2261, "earrings": 2262, "kayakers": 2263, "canoes": 2264, "courtyard": 2265, "baskets": 2266, "houses": 2267, "boston": 2268, "shiny": 2269, "soft": 2270, "wilderness": 2271, "nature": 2272, "spraying": 2273, "squirting": 2274, "telescope": 2275, "gun": 2276, "office": 2277, "screams": 2278, "rows": 2279, "scenic": 2280, "morning": 2281, "skyline": 2282, "bracelet": 2283, "sleeves": 2284, "stall": 2285, "cartwheel": 2286, "sleds": 2287, "dragging": 2288, "pirate": 2289, "hug": 2290, "costumed": 2291, "spout": 2292, "doors": 2293, "seattle": 2294, "observes": 2295, "hotel": 2296, "flops": 2297, "tied": 2298, "hardhat": 2299, "surfboarder": 2300, "dyed": 2301, "industrial": 2302, "helmeted": 2303, "good": 2304, "reddish": 2305, "necked": 2306, "knife": 2307, "tails": 2308, "lipstick": 2309, "afternoon": 2310, "reflecting": 2311, "checks": 2312, "operating": 2313, "scuba": 2314, "diver": 2315, "travel": 2316, "sporting": 2317, "bib": 2318, "toss": 2319, "labrador": 2320, "called": 2321, "lounge": 2322, "lamp": 2323, "working": 2324, "stripe": 2325, "glacier": 2326, "marked": 2327, "gathering": 2328, "computers": 2329, "dot": 2330, "lens": 2331, "shirted": 2332, "romp": 2333, "tulips": 2334, "incline": 2335, "crouched": 2336, "multicolor": 2337, "individual": 2338, "crown": 2339, "festive": 2340, "dumps": 2341, "test": 2342, "performance": 2343, "bigger": 2344, "halter": 2345, "handlebars": 2346, "observing": 2347, "paints": 2348, "belt": 2349, "kicked": 2350, "fairground": 2351, "oar": 2352, "wild": 2353, "motor": 2354, "campsite": 2355, "storm": 2356, "drain": 2357, "love": 2358, "pets": 2359, "apartment": 2360, "cycling": 2361, "muscular": 2362, "sword": 2363, "puffy": 2364, "logs": 2365, "swords": 2366, "spiderman": 2367, "furniture": 2368, "collide": 2369, "tumbling": 2370, "posts": 2371, "sails": 2372, "sailing": 2373, "earring": 2374, "jogs": 2375, "sad": 2376, "size": 2377, "either": 2378, "nighttime": 2379, "wrestles": 2380, "examining": 2381, "soaked": 2382, "overlook": 2383, "telephone": 2384, "booth": 2385, "apron": 2386, "squirts": 2387, "strapped": 2388, "droplets": 2389, "performers": 2390, "dive": 2391, "ollie": 2392, "terriers": 2393, "parasails": 2394, "windsurfer": 2395, "was": 2396, "built": 2397, "bay": 2398, "themed": 2399, "cleaning": 2400, "container": 2401, "pail": 2402, "slip": 2403, "golf": 2404, "petting": 2405, "toddlers": 2406, "playpen": 2407, "padded": 2408, "jogger": 2409, "bath": 2410, "bathtub": 2411, "bathroom": 2412, "florida": 2413, "rally": 2414, "tackles": 2415, "residential": 2416, "fountains": 2417, "railroad": 2418, "firefighter": 2419, "hood": 2420, "fireman": 2421, "youth": 2422, "camp": 2423, "thick": 2424, "feeding": 2425, "eyebrows": 2426, "moustache": 2427, "tee": 2428, "raise": 2429, "cellphones": 2430, "change": 2431, "exercise": 2432, "form": 2433, "apples": 2434, "gondola": 2435, "skyscraper": 2436, "stunts": 2437, "bulldog": 2438, "movie": 2439, "squats": 2440, "member": 2441, "self": 2442, "cheeks": 2443, "seats": 2444, "ramps": 2445, "squirt": 2446, "diaper": 2447, "begging": 2448, "gathers": 2449, "firetruck": 2450, "fields": 2451, "hilly": 2452, "attacking": 2453, "check": 2454, "striking": 2455, "haircut": 2456, "tv": 2457, "obstacles": 2458, "obama": 2459, "keep": 2460, "misty": 2461, "chalk": 2462, "trailing": 2463, "treads": 2464, "bears": 2465, "expressions": 2466, "stuff": 2467, "shoots": 2468, "marble": 2469, "attack": 2470, "stove": 2471, "speeding": 2472, "domino": 2473, "pizza": 2474, "galloping": 2475, "recently": 2476, "drenched": 2477, "pattern": 2478, "cobblestone": 2479, "sacks": 2480, "saddle": 2481, "shed": 2482, "port": 2483, "much": 2484, "tights": 2485, "books": 2486, "footballer": 2487, "if": 2488, "spoon": 2489, "oriental": 2490, "pinata": 2491, "contest": 2492, "stores": 2493, "brindle": 2494, "forehead": 2495, "paperwork": 2496, "pro": 2497, "dusty": 2498, "glider": 2499, "pelican": 2500, "toilet": 2501, "drummer": 2502, "gown": 2503, "firing": 2504, "puck": 2505, "site": 2506, "swan": 2507, "coloring": 2508, "evening": 2509, "floaties": 2510, "cards": 2511, "vine": 2512, "harbor": 2513, "bagpipes": 2514, "plates": 2515, "alike": 2516, "ducks": 2517, "starring": 2518, "suited": 2519, "colorfully": 2520, "tiled": 2521, "helicopter": 2522, "garage": 2523, "numerous": 2524, "clean": 2525, "waist": 2526, "aiming": 2527, "defending": 2528, "crossbones": 2529, "tracksuit": 2530, "swans": 2531, "messy": 2532, "buy": 2533, "cries": 2534, "sumo": 2535, "bug": 2536, "insect": 2537, "tricycles": 2538, "theater": 2539, "native": 2540, "cartwheels": 2541, "cone": 2542, "deer": 2543, "badminton": 2544, "wig": 2545, "hooping": 2546, "railings": 2547, "struggle": 2548, "newborn": 2549, "television": 2550, "used": 2551, "seagull": 2552, "flaming": 2553, "ballet": 2554, "accordion": 2555, "priest": 2556, "easter": 2557, "march": 2558, "turkeys": 2559, "hawaiian": 2560, "carts": 2561, "twin": 2562, "michael": 2563, "jackson": 2564, "pierced": 2565, "bouquet": 2566, "cutout": 2567, "barn": 2568, "words": 2569, "sidelines": 2570, "rocket": 2571, "rubs": 2572, "cutting": 2573, "st": 2574, "french": 2575, "potato": 2576, "chip": 2577, "campfire": 2578, "broom": 2579, "yelling": 2580, "target": 2581, "milk": 2582, "tutus": 2583, "robot": 2584, "statues": 2585, "smelling": 2586, "examine": 2587, "participates": 2588, "mountaineer": 2589, "gazing": 2590, "armenian": 2591, "genocide": 2592, "submerged": 2593, "pretend": 2594, "bale": 2595, "pumpkins": 2596, "magazine": 2597, "kangaroo": 2598, "tongues": 2599, "paintball": 2600, "bookstore": 2601, "map": 2602, "evil": 2603, "punching": 2604, "letters": 2605, "library": 2606, "eagle": 2607, "bee": 2608, "mascot": 2609, "sidecar": 2610, "hamburgers": 2611, "hydrant": 2612, "bowling": 2613, "frying": 2614, "seagulls": 2615, "cannon": 2616, "bitten": 2617, "spotlight": 2618, "binoculars": 2619, "hospital": 2620, "buggy": 2621, "rolled": 2622, "sleeve": 2623, "cigarettes": 2624, "bathrobe": 2625, "hell": 2626, "escalator": 2627, "graduation": 2628, "dolphins": 2629, "<unk>": 2630, "<start>": 2631, "<end>": 2632, "<pad>": 0}