<annotation>
	<folder>VOC2007</folder>
	<filename>000083.jpg</filename>
	<source>
		<database>The VOC2007 Database</database>
		<annotation>PASCAL VOC2007</annotation>
		<image>flickr</image>
		<flickrid>318509705</flickrid>
	</source>
	<owner>
		<flickrid>Gaspa</flickrid>
		<name>Francesco Gasparetti</name>
	</owner>
	<size>
		<width>500</width>
		<height>333</height>
		<depth>3</depth>
	</size>
	<segmented>0</segmented>
	<object>
		<name>car</name>
		<pose>Rear</pose>
		<truncated>0</truncated>
		<difficult>0</difficult>
		<bndbox>
			<xmin>109</xmin>
			<ymin>33</ymin>
			<xmax>447</xmax>
			<ymax>309</ymax>
		</bndbox>
	</object>
</annotation>
