<annotation>
	<folder>VOC2007</folder>
	<filename>000047.jpg</filename>
	<source>
		<database>The VOC2007 Database</database>
		<annotation>PASCAL VOC2007</annotation>
		<image>flickr</image>
		<flickrid>315852364</flickrid>
	</source>
	<owner>
		<flickrid>Hennie Rautenbach</flickrid>
		<name>Hennie Rautenbach</name>
	</owner>
	<size>
		<width>500</width>
		<height>333</height>
		<depth>3</depth>
	</size>
	<segmented>0</segmented>
	<object>
		<name>car</name>
		<pose>Frontal</pose>
		<truncated>0</truncated>
		<difficult>0</difficult>
		<bndbox>
			<xmin>15</xmin>
			<ymin>1</ymin>
			<xmax>459</xmax>
			<ymax>312</ymax>
		</bndbox>
	</object>
</annotation>
