<annotation>
	<folder>VOC2007</folder>
	<filename>000188.jpg</filename>
	<source>
		<database>The VOC2007 Database</database>
		<annotation>PASCAL VOC2007</annotation>
		<image>flickr</image>
		<flickrid>319835378</flickrid>
	</source>
	<owner>
		<flickrid>mir 2.0</flickrid>
		<name>mir</name>
	</owner>
	<size>
		<width>500</width>
		<height>264</height>
		<depth>3</depth>
	</size>
	<segmented>0</segmented>
	<object>
		<name>car</name>
		<pose>Left</pose>
		<truncated>1</truncated>
		<difficult>0</difficult>
		<bndbox>
			<xmin>406</xmin>
			<ymin>146</ymin>
			<xmax>500</xmax>
			<ymax>216</ymax>
		</bndbox>
	</object>
	<object>
		<name>car</name>
		<pose>Left</pose>
		<truncated>1</truncated>
		<difficult>0</difficult>
		<bndbox>
			<xmin>1</xmin>
			<ymin>140</ymin>
			<xmax>139</xmax>
			<ymax>202</ymax>
		</bndbox>
	</object>
</annotation>
