<annotation>
	<folder>VOC2007</folder>
	<filename>000288.jpg</filename>
	<source>
		<database>The VOC2007 Database</database>
		<annotation>PASCAL VOC2007</annotation>
		<image>flickr</image>
		<flickrid>334625968</flickrid>
	</source>
	<owner>
		<flickrid>side78</flickrid>
		<name>?</name>
	</owner>
	<size>
		<width>500</width>
		<height>333</height>
		<depth>3</depth>
	</size>
	<segmented>0</segmented>
	<object>
		<name>car</name>
		<pose>Left</pose>
		<truncated>1</truncated>
		<difficult>0</difficult>
		<bndbox>
			<xmin>30</xmin>
			<ymin>142</ymin>
			<xmax>77</xmax>
			<ymax>205</ymax>
		</bndbox>
	</object>
</annotation>
