<annotation>
	<folder>VOC2007</folder>
	<filename>000251.jpg</filename>
	<source>
		<database>The VOC2007 Database</database>
		<annotation>PASCAL VOC2007</annotation>
		<image>flickr</image>
		<flickrid>312110751</flickrid>
	</source>
	<owner>
		<flickrid>bborkmiller</flickrid>
		<name>Ben Miller</name>
	</owner>
	<size>
		<width>453</width>
		<height>500</height>
		<depth>3</depth>
	</size>
	<segmented>0</segmented>
	<object>
		<name>car</name>
		<pose>Unspecified</pose>
		<truncated>1</truncated>
		<difficult>1</difficult>
		<bndbox>
			<xmin>1</xmin>
			<ymin>474</ymin>
			<xmax>149</xmax>
			<ymax>500</ymax>
		</bndbox>
	</object>
	<object>
		<name>car</name>
		<pose>Unspecified</pose>
		<truncated>1</truncated>
		<difficult>1</difficult>
		<bndbox>
			<xmin>2</xmin>
			<ymin>450</ymin>
			<xmax>83</xmax>
			<ymax>475</ymax>
		</bndbox>
	</object>
	<object>
		<name>car</name>
		<pose>Right</pose>
		<truncated>1</truncated>
		<difficult>0</difficult>
		<bndbox>
			<xmin>96</xmin>
			<ymin>435</ymin>
			<xmax>275</xmax>
			<ymax>500</ymax>
		</bndbox>
	</object>
	<object>
		<name>car</name>
		<pose>Right</pose>
		<truncated>1</truncated>
		<difficult>0</difficult>
		<bndbox>
			<xmin>362</xmin>
			<ymin>440</ymin>
			<xmax>453</xmax>
			<ymax>500</ymax>
		</bndbox>
	</object>
</annotation>
