<annotation>
	<folder>VOC2007</folder>
	<filename>000210.jpg</filename>
	<source>
		<database>The VOC2007 Database</database>
		<annotation>PASCAL VOC2007</annotation>
		<image>flickr</image>
		<flickrid>335051821</flickrid>
	</source>
	<owner>
		<flickrid>Dharmadeva</flickrid>
		<name>?</name>
	</owner>
	<size>
		<width>500</width>
		<height>374</height>
		<depth>3</depth>
	</size>
	<segmented>0</segmented>
	<object>
		<name>car</name>
		<pose>Unspecified</pose>
		<truncated>0</truncated>
		<difficult>1</difficult>
		<bndbox>
			<xmin>377</xmin>
			<ymin>211</ymin>
			<xmax>404</xmax>
			<ymax>225</ymax>
		</bndbox>
	</object>
</annotation>
