<annotation>
	<folder>VOC2007</folder>
	<filename>000296.jpg</filename>
	<source>
		<database>The VOC2007 Database</database>
		<annotation>PASCAL VOC2007</annotation>
		<image>flickr</image>
		<flickrid>337635883</flickrid>
	</source>
	<owner>
		<flickrid>Tarps-UK Cornwall</flickrid>
		<name>John Hurkett</name>
	</owner>
	<size>
		<width>500</width>
		<height>348</height>
		<depth>3</depth>
	</size>
	<segmented>0</segmented>
	<object>
		<name>car</name>
		<pose>Frontal</pose>
		<truncated>1</truncated>
		<difficult>0</difficult>
		<bndbox>
			<xmin>427</xmin>
			<ymin>125</ymin>
			<xmax>500</xmax>
			<ymax>181</ymax>
		</bndbox>
	</object>
</annotation>
