<annotation>
	<folder>VOC2007</folder>
	<filename>000284.jpg</filename>
	<source>
		<database>The VOC2007 Database</database>
		<annotation>PASCAL VOC2007</annotation>
		<image>flickr</image>
		<flickrid>331443370</flickrid>
	</source>
	<owner>
		<flickrid>mortonscrapbook</flickrid>
		<name>Lyn Morton</name>
	</owner>
	<size>
		<width>500</width>
		<height>334</height>
		<depth>3</depth>
	</size>
	<segmented>0</segmented>
	<object>
		<name>car</name>
		<pose>Frontal</pose>
		<truncated>0</truncated>
		<difficult>0</difficult>
		<bndbox>
			<xmin>201</xmin>
			<ymin>78</ymin>
			<xmax>440</xmax>
			<ymax>256</ymax>
		</bndbox>
	</object>
</annotation>
