<annotation>
	<folder>VOC2007</folder>
	<filename>000390.jpg</filename>
	<source>
		<database>The VOC2007 Database</database>
		<annotation>PASCAL VOC2007</annotation>
		<image>flickr</image>
		<flickrid>323186072</flickrid>
	</source>
	<owner>
		<flickrid>rasch2000</flickrid>
		<name>Rainer</name>
	</owner>
	<size>
		<width>500</width>
		<height>408</height>
		<depth>3</depth>
	</size>
	<segmented>0</segmented>
	<object>
		<name>car</name>
		<pose>Frontal</pose>
		<truncated>0</truncated>
		<difficult>0</difficult>
		<bndbox>
			<xmin>8</xmin>
			<ymin>64</ymin>
			<xmax>492</xmax>
			<ymax>401</ymax>
		</bndbox>
	</object>
</annotation>
