<annotation>
	<folder>VOC2007</folder>
	<filename>000351.jpg</filename>
	<source>
		<database>The VOC2007 Database</database>
		<annotation>PASCAL VOC2007</annotation>
		<image>flickr</image>
		<flickrid>331781599</flickrid>
	</source>
	<owner>
		<flickrid>ElGaraje.net</flickrid>
		<name>El Garaje net</name>
	</owner>
	<size>
		<width>332</width>
		<height>220</height>
		<depth>3</depth>
	</size>
	<segmented>0</segmented>
	<object>
		<name>car</name>
		<pose>Unspecified</pose>
		<truncated>0</truncated>
		<difficult>0</difficult>
		<bndbox>
			<xmin>1</xmin>
			<ymin>28</ymin>
			<xmax>330</xmax>
			<ymax>156</ymax>
		</bndbox>
	</object>
</annotation>
