<annotation>
	<folder>VOC2007</folder>
	<filename>000406.jpg</filename>
	<source>
		<database>The VOC2007 Database</database>
		<annotation>PASCAL VOC2007</annotation>
		<image>flickr</image>
		<flickrid>338205156</flickrid>
	</source>
	<owner>
		<flickrid>plateaukao</flickrid>
		<name>Daniel Kao</name>
	</owner>
	<size>
		<width>500</width>
		<height>375</height>
		<depth>3</depth>
	</size>
	<segmented>0</segmented>
	<object>
		<name>car</name>
		<pose>Right</pose>
		<truncated>1</truncated>
		<difficult>0</difficult>
		<bndbox>
			<xmin>54</xmin>
			<ymin>285</ymin>
			<xmax>114</xmax>
			<ymax>313</ymax>
		</bndbox>
	</object>
	<object>
		<name>car</name>
		<pose>Unspecified</pose>
		<truncated>1</truncated>
		<difficult>1</difficult>
		<bndbox>
			<xmin>426</xmin>
			<ymin>292</ymin>
			<xmax>458</xmax>
			<ymax>315</ymax>
		</bndbox>
	</object>
</annotation>
