<annotation>
	<folder>VOC2007</folder>
	<filename>000453.jpg</filename>
	<source>
		<database>The VOC2007 Database</database>
		<annotation>PASCAL VOC2007</annotation>
		<image>flickr</image>
		<flickrid>280067080</flickrid>
	</source>
	<owner>
		<flickrid>mklint000</flickrid>
		<name>Marcus Klint</name>
	</owner>
	<size>
		<width>500</width>
		<height>333</height>
		<depth>3</depth>
	</size>
	<segmented>0</segmented>
	<object>
		<name>car</name>
		<pose>Left</pose>
		<truncated>0</truncated>
		<difficult>0</difficult>
		<bndbox>
			<xmin>9</xmin>
			<ymin>121</ymin>
			<xmax>483</xmax>
			<ymax>294</ymax>
		</bndbox>
	</object>
</annotation>
