<annotation>
	<folder>VOC2007</folder>
	<filename>000431.jpg</filename>
	<source>
		<database>The VOC2007 Database</database>
		<annotation>PASCAL VOC2007</annotation>
		<image>flickr</image>
		<flickrid>321337869</flickrid>
	</source>
	<owner>
		<flickrid>Luxemburgerlis</flickrid>
		<name>chee ming chai</name>
	</owner>
	<size>
		<width>500</width>
		<height>375</height>
		<depth>3</depth>
	</size>
	<segmented>0</segmented>
	<object>
		<name>car</name>
		<pose>Right</pose>
		<truncated>0</truncated>
		<difficult>0</difficult>
		<bndbox>
			<xmin>85</xmin>
			<ymin>316</ymin>
			<xmax>125</xmax>
			<ymax>340</ymax>
		</bndbox>
	</object>
</annotation>
