<annotation>
	<folder>VOC2007</folder>
	<filename>000415.jpg</filename>
	<source>
		<database>The VOC2007 Database</database>
		<annotation>PASCAL VOC2007</annotation>
		<image>flickr</image>
		<flickrid>300094705</flickrid>
	</source>
	<owner>
		<flickrid>boost_samurai</flickrid>
		<name>Mark</name>
	</owner>
	<size>
		<width>500</width>
		<height>375</height>
		<depth>3</depth>
	</size>
	<segmented>0</segmented>
	<object>
		<name>car</name>
		<pose>Unspecified</pose>
		<truncated>0</truncated>
		<difficult>0</difficult>
		<bndbox>
			<xmin>12</xmin>
			<ymin>105</ymin>
			<xmax>490</xmax>
			<ymax>279</ymax>
		</bndbox>
	</object>
</annotation>
