<annotation>
	<folder>VOC2007</folder>
	<filename>000474.jpg</filename>
	<source>
		<database>The VOC2007 Database</database>
		<annotation>PASCAL VOC2007</annotation>
		<image>flickr</image>
		<flickrid>314607276</flickrid>
	</source>
	<owner>
		<flickrid>the.voyager</flickrid>
		<name>?</name>
	</owner>
	<size>
		<width>500</width>
		<height>375</height>
		<depth>3</depth>
	</size>
	<segmented>0</segmented>
	<object>
		<name>car</name>
		<pose>Unspecified</pose>
		<truncated>0</truncated>
		<difficult>0</difficult>
		<bndbox>
			<xmin>53</xmin>
			<ymin>157</ymin>
			<xmax>448</xmax>
			<ymax>359</ymax>
		</bndbox>
	</object>
</annotation>
