<annotation>
	<folder>VOC2007</folder>
	<filename>000482.jpg</filename>
	<source>
		<database>The VOC2007 Database</database>
		<annotation>PASCAL VOC2007</annotation>
		<image>flickr</image>
		<flickrid>314159732</flickrid>
	</source>
	<owner>
		<flickrid>Ben Grader</flickrid>
		<name>Derek Lilly</name>
	</owner>
	<size>
		<width>500</width>
		<height>334</height>
		<depth>3</depth>
	</size>
	<segmented>0</segmented>
	<object>
		<name>train</name>
		<pose>Unspecified</pose>
		<truncated>1</truncated>
		<difficult>0</difficult>
		<bndbox>
			<xmin>362</xmin>
			<ymin>129</ymin>
			<xmax>500</xmax>
			<ymax>254</ymax>
		</bndbox>
	</object>
	<object>
		<name>train</name>
		<pose>Unspecified</pose>
		<truncated>1</truncated>
		<difficult>0</difficult>
		<bndbox>
			<xmin>1</xmin>
			<ymin>54</ymin>
			<xmax>313</xmax>
			<ymax>330</ymax>
		</bndbox>
	</object>
</annotation>
