<annotation>
	<folder>VOC2007</folder>
	<filename>000586.jpg</filename>
	<source>
		<database>The VOC2007 Database</database>
		<annotation>PASCAL VOC2007</annotation>
		<image>flickr</image>
		<flickrid>254399736</flickrid>
	</source>
	<owner>
		<flickrid>katie g*</flickrid>
		<name>Katie Goldstein</name>
	</owner>
	<size>
		<width>375</width>
		<height>500</height>
		<depth>3</depth>
	</size>
	<segmented>0</segmented>
	<object>
		<name>car</name>
		<pose>Frontal</pose>
		<truncated>0</truncated>
		<difficult>0</difficult>
		<bndbox>
			<xmin>166</xmin>
			<ymin>341</ymin>
			<xmax>292</xmax>
			<ymax>444</ymax>
		</bndbox>
	</object>
</annotation>
