<annotation>
	<folder>VOC2007</folder>
	<filename>000515.jpg</filename>
	<source>
		<database>The VOC2007 Database</database>
		<annotation>PASCAL VOC2007</annotation>
		<image>flickr</image>
		<flickrid>336381773</flickrid>
	</source>
	<owner>
		<flickrid>aaron.dsouza</flickrid>
		<name>Aaron D'Souza</name>
	</owner>
	<size>
		<width>500</width>
		<height>375</height>
		<depth>3</depth>
	</size>
	<segmented>1</segmented>
	<object>
		<name>car</name>
		<pose>Unspecified</pose>
		<truncated>0</truncated>
		<difficult>0</difficult>
		<bndbox>
			<xmin>64</xmin>
			<ymin>164</ymin>
			<xmax>151</xmax>
			<ymax>210</ymax>
		</bndbox>
	</object>
	<object>
		<name>car</name>
		<pose>Unspecified</pose>
		<truncated>1</truncated>
		<difficult>0</difficult>
		<bndbox>
			<xmin>147</xmin>
			<ymin>167</ymin>
			<xmax>186</xmax>
			<ymax>200</ymax>
		</bndbox>
	</object>
</annotation>
