<annotation>
	<folder>VOC2007</folder>
	<filename>000545.jpg</filename>
	<source>
		<database>The VOC2007 Database</database>
		<annotation>PASCAL VOC2007</annotation>
		<image>flickr</image>
		<flickrid>339054437</flickrid>
	</source>
	<owner>
		<flickrid>takejiro</flickrid>
		<name>Astrid Sison</name>
	</owner>
	<size>
		<width>375</width>
		<height>500</height>
		<depth>3</depth>
	</size>
	<segmented>0</segmented>
	<object>
		<name>car</name>
		<pose>Unspecified</pose>
		<truncated>1</truncated>
		<difficult>1</difficult>
		<bndbox>
			<xmin>103</xmin>
			<ymin>178</ymin>
			<xmax>129</xmax>
			<ymax>196</ymax>
		</bndbox>
	</object>
</annotation>
