<annotation>
	<folder>VOC2007</folder>
	<filename>000648.jpg</filename>
	<source>
		<database>The VOC2007 Database</database>
		<annotation>PASCAL VOC2007</annotation>
		<image>flickr</image>
		<flickrid>259933962</flickrid>
	</source>
	<owner>
		<flickrid>Boxley</flickrid>
		<name>Nigel Chatfield</name>
	</owner>
	<size>
		<width>500</width>
		<height>333</height>
		<depth>3</depth>
	</size>
	<segmented>1</segmented>
	<object>
		<name>car</name>
		<pose>Unspecified</pose>
		<truncated>1</truncated>
		<difficult>1</difficult>
		<bndbox>
			<xmin>2</xmin>
			<ymin>213</ymin>
			<xmax>28</xmax>
			<ymax>235</ymax>
		</bndbox>
	</object>
</annotation>
