<annotation>
	<folder>VOC2007</folder>
	<filename>000612.jpg</filename>
	<source>
		<database>The VOC2007 Database</database>
		<annotation>PASCAL VOC2007</annotation>
		<image>flickr</image>
		<flickrid>260036087</flickrid>
	</source>
	<owner>
		<flickrid>drewandnetty</flickrid>
		<name>Drew and Netty</name>
	</owner>
	<size>
		<width>375</width>
		<height>500</height>
		<depth>3</depth>
	</size>
	<segmented>0</segmented>
	<object>
		<name>train</name>
		<pose>Unspecified</pose>
		<truncated>1</truncated>
		<difficult>0</difficult>
		<bndbox>
			<xmin>1</xmin>
			<ymin>1</ymin>
			<xmax>374</xmax>
			<ymax>213</ymax>
		</bndbox>
	</object>
</annotation>
