<annotation>
	<folder>VOC2007</folder>
	<filename>000649.jpg</filename>
	<source>
		<database>The VOC2007 Database</database>
		<annotation>PASCAL VOC2007</annotation>
		<image>flickr</image>
		<flickrid>194581632</flickrid>
	</source>
	<owner>
		<flickrid>swaggyp</flickrid>
		<name>Natalie Simmon</name>
	</owner>
	<size>
		<width>500</width>
		<height>374</height>
		<depth>3</depth>
	</size>
	<segmented>0</segmented>
	<object>
		<name>car</name>
		<pose>Unspecified</pose>
		<truncated>1</truncated>
		<difficult>0</difficult>
		<bndbox>
			<xmin>16</xmin>
			<ymin>200</ymin>
			<xmax>253</xmax>
			<ymax>339</ymax>
		</bndbox>
	</object>
</annotation>
