<annotation>
	<folder>VOC2007</folder>
	<filename>000602.jpg</filename>
	<source>
		<database>The VOC2007 Database</database>
		<annotation>PASCAL VOC2007</annotation>
		<image>flickr</image>
		<flickrid>322712751</flickrid>
	</source>
	<owner>
		<flickrid>deemanuk</flickrid>
		<name>Damien Reynolds</name>
	</owner>
	<size>
		<width>500</width>
		<height>333</height>
		<depth>3</depth>
	</size>
	<segmented>0</segmented>
	<object>
		<name>car</name>
		<pose>Frontal</pose>
		<truncated>0</truncated>
		<difficult>0</difficult>
		<bndbox>
			<xmin>25</xmin>
			<ymin>141</ymin>
			<xmax>259</xmax>
			<ymax>331</ymax>
		</bndbox>
	</object>
</annotation>
