<annotation>
	<folder>VOC2007</folder>
	<filename>000754.jpg</filename>
	<source>
		<database>The VOC2007 Database</database>
		<annotation>PASCAL VOC2007</annotation>
		<image>flickr</image>
		<flickrid>326141848</flickrid>
	</source>
	<owner>
		<flickrid>pixiegirlalli</flickrid>
		<name>Dixie Pixie</name>
	</owner>
	<size>
		<width>500</width>
		<height>261</height>
		<depth>3</depth>
	</size>
	<segmented>0</segmented>
	<object>
		<name>car</name>
		<pose>Unspecified</pose>
		<truncated>0</truncated>
		<difficult>1</difficult>
		<bndbox>
			<xmin>164</xmin>
			<ymin>127</ymin>
			<xmax>190</xmax>
			<ymax>147</ymax>
		</bndbox>
	</object>
</annotation>
