<annotation>
	<folder>VOC2007</folder>
	<filename>000883.jpg</filename>
	<source>
		<database>The VOC2007 Database</database>
		<annotation>PASCAL VOC2007</annotation>
		<image>flickr</image>
		<flickrid>260364186</flickrid>
	</source>
	<owner>
		<flickrid>Christopher Stumm</flickrid>
		<name>Christopher Stumm</name>
	</owner>
	<size>
		<width>500</width>
		<height>333</height>
		<depth>3</depth>
	</size>
	<segmented>0</segmented>
	<object>
		<name>car</name>
		<pose>Unspecified</pose>
		<truncated>0</truncated>
		<difficult>0</difficult>
		<bndbox>
			<xmin>68</xmin>
			<ymin>94</ymin>
			<xmax>305</xmax>
			<ymax>277</ymax>
		</bndbox>
	</object>
</annotation>
