<annotation>
	<folder>VOC2007</folder>
	<filename>000966.jpg</filename>
	<source>
		<database>The VOC2007 Database</database>
		<annotation>PASCAL VOC2007</annotation>
		<image>flickr</image>
		<flickrid>207975901</flickrid>
	</source>
	<owner>
		<flickrid>Robert Silverwood</flickrid>
		<name>Robert Silverwood</name>
	</owner>
	<size>
		<width>500</width>
		<height>353</height>
		<depth>3</depth>
	</size>
	<segmented>0</segmented>
	<object>
		<name>train</name>
		<pose>Unspecified</pose>
		<truncated>1</truncated>
		<difficult>0</difficult>
		<bndbox>
			<xmin>42</xmin>
			<ymin>48</ymin>
			<xmax>493</xmax>
			<ymax>312</ymax>
		</bndbox>
	</object>
</annotation>
