<annotation>
	<folder>VOC2007</folder>
	<filename>000987.jpg</filename>
	<source>
		<database>The VOC2007 Database</database>
		<annotation>PASCAL VOC2007</annotation>
		<image>flickr</image>
		<flickrid>338002642</flickrid>
	</source>
	<owner>
		<flickrid>jntraiser</flickrid>
		<name>Nate Traiser</name>
	</owner>
	<size>
		<width>500</width>
		<height>447</height>
		<depth>3</depth>
	</size>
	<segmented>0</segmented>
	<object>
		<name>car</name>
		<pose>Unspecified</pose>
		<truncated>1</truncated>
		<difficult>1</difficult>
		<bndbox>
			<xmin>1</xmin>
			<ymin>15</ymin>
			<xmax>226</xmax>
			<ymax>276</ymax>
		</bndbox>
	</object>
</annotation>
