<annotation>
	<folder>VOC2007</folder>
	<filename>000920.jpg</filename>
	<source>
		<database>The VOC2007 Database</database>
		<annotation>PASCAL VOC2007</annotation>
		<image>flickr</image>
		<flickrid>285313150</flickrid>
	</source>
	<owner>
		<flickrid>loco539</flickrid>
		<name>Will Pickering</name>
	</owner>
	<size>
		<width>500</width>
		<height>379</height>
		<depth>3</depth>
	</size>
	<segmented>0</segmented>
	<object>
		<name>train</name>
		<pose>Unspecified</pose>
		<truncated>1</truncated>
		<difficult>0</difficult>
		<bndbox>
			<xmin>2</xmin>
			<ymin>31</ymin>
			<xmax>500</xmax>
			<ymax>363</ymax>
		</bndbox>
	</object>
</annotation>
