<annotation>
	<folder>VOC2007</folder>
	<filename>000985.jpg</filename>
	<source>
		<database>The VOC2007 Database</database>
		<annotation>PASCAL VOC2007</annotation>
		<image>flickr</image>
		<flickrid>318091505</flickrid>
	</source>
	<owner>
		<flickrid>RACINGMIX</flickrid>
		<name>Wilson</name>
	</owner>
	<size>
		<width>500</width>
		<height>357</height>
		<depth>3</depth>
	</size>
	<segmented>0</segmented>
	<object>
		<name>car</name>
		<pose>Unspecified</pose>
		<truncated>1</truncated>
		<difficult>0</difficult>
		<bndbox>
			<xmin>1</xmin>
			<ymin>2</ymin>
			<xmax>500</xmax>
			<ymax>357</ymax>
		</bndbox>
	</object>
</annotation>
