<annotation>
	<folder>VOC2007</folder>
	<filename>001060.jpg</filename>
	<source>
		<database>The VOC2007 Database</database>
		<annotation>PASCAL VOC2007</annotation>
		<image>flickr</image>
		<flickrid>323412109</flickrid>
	</source>
	<owner>
		<flickrid>kwikzilver</flickrid>
		<name>matthijs borghgraef</name>
	</owner>
	<size>
		<width>500</width>
		<height>378</height>
		<depth>3</depth>
	</size>
	<segmented>0</segmented>
	<object>
		<name>car</name>
		<pose>Left</pose>
		<truncated>0</truncated>
		<difficult>0</difficult>
		<bndbox>
			<xmin>411</xmin>
			<ymin>183</ymin>
			<xmax>500</xmax>
			<ymax>212</ymax>
		</bndbox>
	</object>
</annotation>
