<annotation>
	<folder>VOC2007</folder>
	<filename>001022.jpg</filename>
	<source>
		<database>The VOC2007 Database</database>
		<annotation>PASCAL VOC2007</annotation>
		<image>flickr</image>
		<flickrid>196016020</flickrid>
	</source>
	<owner>
		<flickrid>picturesupload87</flickrid>
		<name>?</name>
	</owner>
	<size>
		<width>500</width>
		<height>305</height>
		<depth>3</depth>
	</size>
	<segmented>0</segmented>
	<object>
		<name>car</name>
		<pose>Right</pose>
		<truncated>0</truncated>
		<difficult>0</difficult>
		<bndbox>
			<xmin>5</xmin>
			<ymin>139</ymin>
			<xmax>490</xmax>
			<ymax>295</ymax>
		</bndbox>
	</object>
</annotation>
