<annotation>
	<folder>VOC2007</folder>
	<filename>001058.jpg</filename>
	<source>
		<database>The VOC2007 Database</database>
		<annotation>PASCAL VOC2007</annotation>
		<image>flickr</image>
		<flickrid>308232553</flickrid>
	</source>
	<owner>
		<flickrid>hondachathost</flickrid>
		<name>?</name>
	</owner>
	<size>
		<width>456</width>
		<height>342</height>
		<depth>3</depth>
	</size>
	<segmented>0</segmented>
	<object>
		<name>car</name>
		<pose>Left</pose>
		<truncated>0</truncated>
		<difficult>0</difficult>
		<bndbox>
			<xmin>9</xmin>
			<ymin>105</ymin>
			<xmax>449</xmax>
			<ymax>242</ymax>
		</bndbox>
	</object>
</annotation>
