<annotation>
	<folder>VOC2007</folder>
	<filename>001134.jpg</filename>
	<source>
		<database>The VOC2007 Database</database>
		<annotation>PASCAL VOC2007</annotation>
		<image>flickr</image>
		<flickrid>331176863</flickrid>
	</source>
	<owner>
		<flickrid>john.murden</flickrid>
		<name>John Murden</name>
	</owner>
	<size>
		<width>500</width>
		<height>362</height>
		<depth>3</depth>
	</size>
	<segmented>0</segmented>
	<object>
		<name>car</name>
		<pose>Unspecified</pose>
		<truncated>1</truncated>
		<difficult>1</difficult>
		<bndbox>
			<xmin>335</xmin>
			<ymin>127</ymin>
			<xmax>500</xmax>
			<ymax>362</ymax>
		</bndbox>
	</object>
</annotation>
