<annotation>
	<folder>VOC2007</folder>
	<filename>001124.jpg</filename>
	<source>
		<database>The VOC2007 Database</database>
		<annotation>PASCAL VOC2007</annotation>
		<image>flickr</image>
		<flickrid>320700815</flickrid>
	</source>
	<owner>
		<flickrid>vera_bing</flickrid>
		<name>frauKe</name>
	</owner>
	<size>
		<width>500</width>
		<height>326</height>
		<depth>3</depth>
	</size>
	<segmented>0</segmented>
	<object>
		<name>car</name>
		<pose>Unspecified</pose>
		<truncated>1</truncated>
		<difficult>1</difficult>
		<bndbox>
			<xmin>341</xmin>
			<ymin>194</ymin>
			<xmax>369</xmax>
			<ymax>205</ymax>
		</bndbox>
	</object>
</annotation>
