<annotation>
	<folder>VOC2007</folder>
	<filename>001280.jpg</filename>
	<source>
		<database>The VOC2007 Database</database>
		<annotation>PASCAL VOC2007</annotation>
		<image>flickr</image>
		<flickrid>337928024</flickrid>
	</source>
	<owner>
		<flickrid>trykemom</flickrid>
		<name>Sheryl</name>
	</owner>
	<size>
		<width>500</width>
		<height>333</height>
		<depth>3</depth>
	</size>
	<segmented>0</segmented>
	<object>
		<name>car</name>
		<pose>Unspecified</pose>
		<truncated>0</truncated>
		<difficult>0</difficult>
		<bndbox>
			<xmin>63</xmin>
			<ymin>76</ymin>
			<xmax>480</xmax>
			<ymax>298</ymax>
		</bndbox>
	</object>
</annotation>
