<annotation>
	<folder>VOC2007</folder>
	<filename>001292.jpg</filename>
	<source>
		<database>The VOC2007 Database</database>
		<annotation>PASCAL VOC2007</annotation>
		<image>flickr</image>
		<flickrid>322788361</flickrid>
	</source>
	<owner>
		<flickrid>rita banerji</flickrid>
		<name>rita Banerji</name>
	</owner>
	<size>
		<width>500</width>
		<height>375</height>
		<depth>3</depth>
	</size>
	<segmented>0</segmented>
	<object>
		<name>car</name>
		<pose>Unspecified</pose>
		<truncated>1</truncated>
		<difficult>1</difficult>
		<bndbox>
			<xmin>154</xmin>
			<ymin>62</ymin>
			<xmax>225</xmax>
			<ymax>97</ymax>
		</bndbox>
	</object>
</annotation>
