<annotation>
	<folder>VOC2007</folder>
	<filename>001291.jpg</filename>
	<source>
		<database>The VOC2007 Database</database>
		<annotation>PASCAL VOC2007</annotation>
		<image>flickr</image>
		<flickrid>54838132</flickrid>
	</source>
	<owner>
		<flickrid>Charlesfuller</flickrid>
		<name>Cvf? News2007...</name>
	</owner>
	<size>
		<width>500</width>
		<height>375</height>
		<depth>3</depth>
	</size>
	<segmented>0</segmented>
	<object>
		<name>car</name>
		<pose>Frontal</pose>
		<truncated>0</truncated>
		<difficult>0</difficult>
		<bndbox>
			<xmin>8</xmin>
			<ymin>15</ymin>
			<xmax>500</xmax>
			<ymax>365</ymax>
		</bndbox>
	</object>
</annotation>
