<annotation>
	<folder>VOC2007</folder>
	<filename>001335.jpg</filename>
	<source>
		<database>The VOC2007 Database</database>
		<annotation>PASCAL VOC2007</annotation>
		<image>flickr</image>
		<flickrid>335948069</flickrid>
	</source>
	<owner>
		<flickrid>Schaffner</flickrid>
		<name>Jim Maurer</name>
	</owner>
	<size>
		<width>500</width>
		<height>334</height>
		<depth>3</depth>
	</size>
	<segmented>0</segmented>
	<object>
		<name>car</name>
		<pose>Unspecified</pose>
		<truncated>1</truncated>
		<difficult>0</difficult>
		<bndbox>
			<xmin>1</xmin>
			<ymin>182</ymin>
			<xmax>93</xmax>
			<ymax>271</ymax>
		</bndbox>
	</object>
</annotation>
