<annotation>
	<folder>VOC2007</folder>
	<filename>001321.jpg</filename>
	<source>
		<database>The VOC2007 Database</database>
		<annotation>PASCAL VOC2007</annotation>
		<image>flickr</image>
		<flickrid>276847146</flickrid>
	</source>
	<owner>
		<flickrid>2litros &amp;gt; raimundo illanes</flickrid>
		<name>2litros &amp;gt; raimundo illanes</name>
	</owner>
	<size>
		<width>500</width>
		<height>333</height>
		<depth>3</depth>
	</size>
	<segmented>1</segmented>
	<object>
		<name>car</name>
		<pose>Right</pose>
		<truncated>1</truncated>
		<difficult>0</difficult>
		<bndbox>
			<xmin>1</xmin>
			<ymin>98</ymin>
			<xmax>456</xmax>
			<ymax>333</ymax>
		</bndbox>
	</object>
</annotation>
