<annotation>
	<folder>VOC2007</folder>
	<filename>001352.jpg</filename>
	<source>
		<database>The VOC2007 Database</database>
		<annotation>PASCAL VOC2007</annotation>
		<image>flickr</image>
		<flickrid>337708674</flickrid>
	</source>
	<owner>
		<flickrid>SnoShuu</flickrid>
		<name>Paul Johns</name>
	</owner>
	<size>
		<width>500</width>
		<height>276</height>
		<depth>3</depth>
	</size>
	<segmented>0</segmented>
	<object>
		<name>car</name>
		<pose>Left</pose>
		<truncated>1</truncated>
		<difficult>0</difficult>
		<bndbox>
			<xmin>49</xmin>
			<ymin>135</ymin>
			<xmax>242</xmax>
			<ymax>208</ymax>
		</bndbox>
	</object>
</annotation>
