<annotation>
	<folder>VOC2007</folder>
	<filename>001455.jpg</filename>
	<source>
		<database>The VOC2007 Database</database>
		<annotation>PASCAL VOC2007</annotation>
		<image>flickr</image>
		<flickrid>201887842</flickrid>
	</source>
	<owner>
		<flickrid>bici brujo</flickrid>
		<name>?</name>
	</owner>
	<size>
		<width>500</width>
		<height>374</height>
		<depth>3</depth>
	</size>
	<segmented>0</segmented>
	<object>
		<name>car</name>
		<pose>Left</pose>
		<truncated>1</truncated>
		<difficult>0</difficult>
		<bndbox>
			<xmin>415</xmin>
			<ymin>89</ymin>
			<xmax>500</xmax>
			<ymax>126</ymax>
		</bndbox>
	</object>
</annotation>
