<annotation>
	<folder>VOC2007</folder>
	<filename>001445.jpg</filename>
	<source>
		<database>The VOC2007 Database</database>
		<annotation>PASCAL VOC2007</annotation>
		<image>flickr</image>
		<flickrid>334685393</flickrid>
	</source>
	<owner>
		<flickrid>asdsoupdsa</flickrid>
		<name>brett</name>
	</owner>
	<size>
		<width>500</width>
		<height>375</height>
		<depth>3</depth>
	</size>
	<segmented>0</segmented>
	<object>
		<name>car</name>
		<pose>Unspecified</pose>
		<truncated>1</truncated>
		<difficult>0</difficult>
		<bndbox>
			<xmin>80</xmin>
			<ymin>170</ymin>
			<xmax>116</xmax>
			<ymax>206</ymax>
		</bndbox>
	</object>
	<object>
		<name>car</name>
		<pose>Unspecified</pose>
		<truncated>1</truncated>
		<difficult>1</difficult>
		<bndbox>
			<xmin>79</xmin>
			<ymin>162</ymin>
			<xmax>97</xmax>
			<ymax>171</ymax>
		</bndbox>
	</object>
	<object>
		<name>car</name>
		<pose>Left</pose>
		<truncated>1</truncated>
		<difficult>0</difficult>
		<bndbox>
			<xmin>1</xmin>
			<ymin>204</ymin>
			<xmax>220</xmax>
			<ymax>338</ymax>
		</bndbox>
	</object>
</annotation>
