<annotation>
	<folder>VOC2007</folder>
	<filename>001403.jpg</filename>
	<source>
		<database>The VOC2007 Database</database>
		<annotation>PASCAL VOC2007</annotation>
		<image>flickr</image>
		<flickrid>330134871</flickrid>
	</source>
	<owner>
		<flickrid>18 till I die.</flickrid>
		<name>? ??</name>
	</owner>
	<size>
		<width>500</width>
		<height>332</height>
		<depth>3</depth>
	</size>
	<segmented>0</segmented>
	<object>
		<name>car</name>
		<pose>Unspecified</pose>
		<truncated>1</truncated>
		<difficult>1</difficult>
		<bndbox>
			<xmin>266</xmin>
			<ymin>90</ymin>
			<xmax>341</xmax>
			<ymax>147</ymax>
		</bndbox>
	</object>
	<object>
		<name>car</name>
		<pose>Unspecified</pose>
		<truncated>0</truncated>
		<difficult>1</difficult>
		<bndbox>
			<xmin>192</xmin>
			<ymin>96</ymin>
			<xmax>277</xmax>
			<ymax>143</ymax>
		</bndbox>
	</object>
</annotation>
