<annotation>
	<folder>VOC2007</folder>
	<filename>001414.jpg</filename>
	<source>
		<database>The VOC2007 Database</database>
		<annotation>PASCAL VOC2007</annotation>
		<image>flickr</image>
		<flickrid>263920735</flickrid>
	</source>
	<owner>
		<flickrid>rockfrosch</flickrid>
		<name>Michael</name>
	</owner>
	<size>
		<width>500</width>
		<height>375</height>
		<depth>3</depth>
	</size>
	<segmented>0</segmented>
	<object>
		<name>car</name>
		<pose>Unspecified</pose>
		<truncated>0</truncated>
		<difficult>0</difficult>
		<bndbox>
			<xmin>40</xmin>
			<ymin>64</ymin>
			<xmax>458</xmax>
			<ymax>313</ymax>
		</bndbox>
	</object>
</annotation>
