<annotation>
	<folder>VOC2007</folder>
	<filename>001428.jpg</filename>
	<source>
		<database>The VOC2007 Database</database>
		<annotation>PASCAL VOC2007</annotation>
		<image>flickr</image>
		<flickrid>162097080</flickrid>
	</source>
	<owner>
		<flickrid>Dr. Miles</flickrid>
		<name>Dr. Miles Mao Fuzzlebutt</name>
	</owner>
	<size>
		<width>500</width>
		<height>375</height>
		<depth>3</depth>
	</size>
	<segmented>0</segmented>
	<object>
		<name>car</name>
		<pose>Left</pose>
		<truncated>0</truncated>
		<difficult>0</difficult>
		<bndbox>
			<xmin>243</xmin>
			<ymin>141</ymin>
			<xmax>402</xmax>
			<ymax>225</ymax>
		</bndbox>
	</object>
	<object>
		<name>car</name>
		<pose>Unspecified</pose>
		<truncated>1</truncated>
		<difficult>1</difficult>
		<bndbox>
			<xmin>286</xmin>
			<ymin>110</ymin>
			<xmax>332</xmax>
			<ymax>134</ymax>
		</bndbox>
	</object>
</annotation>
