<annotation>
	<folder>VOC2007</folder>
	<filename>001409.jpg</filename>
	<source>
		<database>The VOC2007 Database</database>
		<annotation>PASCAL VOC2007</annotation>
		<image>flickr</image>
		<flickrid>333055508</flickrid>
	</source>
	<owner>
		<flickrid>eshanks</flickrid>
		<name>Eric Shanks</name>
	</owner>
	<size>
		<width>500</width>
		<height>333</height>
		<depth>3</depth>
	</size>
	<segmented>0</segmented>
	<object>
		<name>car</name>
		<pose>Frontal</pose>
		<truncated>0</truncated>
		<difficult>0</difficult>
		<bndbox>
			<xmin>226</xmin>
			<ymin>74</ymin>
			<xmax>464</xmax>
			<ymax>240</ymax>
		</bndbox>
	</object>
</annotation>
