<annotation>
	<folder>VOC2007</folder>
	<filename>001532.jpg</filename>
	<source>
		<database>The VOC2007 Database</database>
		<annotation>PASCAL VOC2007</annotation>
		<image>flickr</image>
		<flickrid>280646618</flickrid>
	</source>
	<owner>
		<flickrid>z?t?StHique</flickrid>
		<name>?</name>
	</owner>
	<size>
		<width>425</width>
		<height>340</height>
		<depth>3</depth>
	</size>
	<segmented>0</segmented>
	<object>
		<name>car</name>
		<pose>Unspecified</pose>
		<truncated>0</truncated>
		<difficult>0</difficult>
		<bndbox>
			<xmin>105</xmin>
			<ymin>170</ymin>
			<xmax>180</xmax>
			<ymax>205</ymax>
		</bndbox>
	</object>
	<object>
		<name>car</name>
		<pose>Unspecified</pose>
		<truncated>0</truncated>
		<difficult>0</difficult>
		<bndbox>
			<xmin>187</xmin>
			<ymin>186</ymin>
			<xmax>232</xmax>
			<ymax>207</ymax>
		</bndbox>
	</object>
</annotation>
