<annotation>
	<folder>VOC2007</folder>
	<filename>001550.jpg</filename>
	<source>
		<database>The VOC2007 Database</database>
		<annotation>PASCAL VOC2007</annotation>
		<image>flickr</image>
		<flickrid>253259898</flickrid>
	</source>
	<owner>
		<flickrid>MOK24</flickrid>
		<name>Martin</name>
	</owner>
	<size>
		<width>500</width>
		<height>375</height>
		<depth>3</depth>
	</size>
	<segmented>0</segmented>
	<object>
		<name>car</name>
		<pose>Unspecified</pose>
		<truncated>0</truncated>
		<difficult>0</difficult>
		<bndbox>
			<xmin>6</xmin>
			<ymin>59</ymin>
			<xmax>500</xmax>
			<ymax>340</ymax>
		</bndbox>
	</object>
	<object>
		<name>car</name>
		<pose>Unspecified</pose>
		<truncated>1</truncated>
		<difficult>1</difficult>
		<bndbox>
			<xmin>419</xmin>
			<ymin>104</ymin>
			<xmax>500</xmax>
			<ymax>156</ymax>
		</bndbox>
	</object>
</annotation>
