<annotation>
	<folder>VOC2007</folder>
	<filename>001619.jpg</filename>
	<source>
		<database>The VOC2007 Database</database>
		<annotation>PASCAL VOC2007</annotation>
		<image>flickr</image>
		<flickrid>334991357</flickrid>
	</source>
	<owner>
		<flickrid>jo3design</flickrid>
		<name>Joseph Chung</name>
	</owner>
	<size>
		<width>500</width>
		<height>332</height>
		<depth>3</depth>
	</size>
	<segmented>0</segmented>
	<object>
		<name>car</name>
		<pose>Unspecified</pose>
		<truncated>1</truncated>
		<difficult>0</difficult>
		<bndbox>
			<xmin>176</xmin>
			<ymin>1</ymin>
			<xmax>499</xmax>
			<ymax>157</ymax>
		</bndbox>
	</object>
</annotation>
