<annotation>
	<folder>VOC2007</folder>
	<filename>001623.jpg</filename>
	<source>
		<database>The VOC2007 Database</database>
		<annotation>PASCAL VOC2007</annotation>
		<image>flickr</image>
		<flickrid>324825633</flickrid>
	</source>
	<owner>
		<flickrid>Alles Photos</flickrid>
		<name>?</name>
	</owner>
	<size>
		<width>333</width>
		<height>500</height>
		<depth>3</depth>
	</size>
	<segmented>0</segmented>
	<object>
		<name>car</name>
		<pose>Unspecified</pose>
		<truncated>1</truncated>
		<difficult>0</difficult>
		<bndbox>
			<xmin>21</xmin>
			<ymin>125</ymin>
			<xmax>332</xmax>
			<ymax>397</ymax>
		</bndbox>
	</object>
	<object>
		<name>car</name>
		<pose>Unspecified</pose>
		<truncated>1</truncated>
		<difficult>0</difficult>
		<bndbox>
			<xmin>1</xmin>
			<ymin>181</ymin>
			<xmax>58</xmax>
			<ymax>260</ymax>
		</bndbox>
	</object>
</annotation>
