<annotation>
	<folder>VOC2007</folder>
	<filename>001626.jpg</filename>
	<source>
		<database>The VOC2007 Database</database>
		<annotation>PASCAL VOC2007</annotation>
		<image>flickr</image>
		<flickrid>333997107</flickrid>
	</source>
	<owner>
		<flickrid>Baliwag boy</flickrid>
		<name>jojo puno</name>
	</owner>
	<size>
		<width>500</width>
		<height>375</height>
		<depth>3</depth>
	</size>
	<segmented>0</segmented>
	<object>
		<name>car</name>
		<pose>Unspecified</pose>
		<truncated>0</truncated>
		<difficult>1</difficult>
		<bndbox>
			<xmin>454</xmin>
			<ymin>167</ymin>
			<xmax>492</xmax>
			<ymax>192</ymax>
		</bndbox>
	</object>
</annotation>
