<annotation>
	<folder>VOC2007</folder>
	<filename>001776.jpg</filename>
	<source>
		<database>The VOC2007 Database</database>
		<annotation>PASCAL VOC2007</annotation>
		<image>flickr</image>
		<flickrid>318312970</flickrid>
	</source>
	<owner>
		<flickrid>Cynthia H.</flickrid>
		<name>Cynthia</name>
	</owner>
	<size>
		<width>500</width>
		<height>333</height>
		<depth>3</depth>
	</size>
	<segmented>0</segmented>
	<object>
		<name>car</name>
		<pose>Left</pose>
		<truncated>1</truncated>
		<difficult>0</difficult>
		<bndbox>
			<xmin>1</xmin>
			<ymin>106</ymin>
			<xmax>349</xmax>
			<ymax>296</ymax>
		</bndbox>
	</object>
</annotation>
