<annotation>
	<folder>VOC2007</folder>
	<filename>001746.jpg</filename>
	<source>
		<database>The VOC2007 Database</database>
		<annotation>PASCAL VOC2007</annotation>
		<image>flickr</image>
		<flickrid>304617165</flickrid>
	</source>
	<owner>
		<flickrid>Yuyu and such</flickrid>
		<name>Yulee Hong</name>
	</owner>
	<size>
		<width>500</width>
		<height>375</height>
		<depth>3</depth>
	</size>
	<segmented>0</segmented>
	<object>
		<name>car</name>
		<pose>Left</pose>
		<truncated>1</truncated>
		<difficult>0</difficult>
		<bndbox>
			<xmin>1</xmin>
			<ymin>236</ymin>
			<xmax>153</xmax>
			<ymax>301</ymax>
		</bndbox>
	</object>
</annotation>
