<annotation>
	<folder>VOC2007</folder>
	<filename>001701.jpg</filename>
	<source>
		<database>The VOC2007 Database</database>
		<annotation>PASCAL VOC2007</annotation>
		<image>flickr</image>
		<flickrid>194417828</flickrid>
	</source>
	<owner>
		<flickrid>Parc Cruz</flickrid>
		<name>Parc Cruz</name>
	</owner>
	<size>
		<width>500</width>
		<height>334</height>
		<depth>3</depth>
	</size>
	<segmented>0</segmented>
	<object>
		<name>car</name>
		<pose>Unspecified</pose>
		<truncated>1</truncated>
		<difficult>0</difficult>
		<bndbox>
			<xmin>1</xmin>
			<ymin>1</ymin>
			<xmax>433</xmax>
			<ymax>332</ymax>
		</bndbox>
	</object>
</annotation>
