<annotation>
	<folder>VOC2007</folder>
	<filename>001883.jpg</filename>
	<source>
		<database>The VOC2007 Database</database>
		<annotation>PASCAL VOC2007</annotation>
		<image>flickr</image>
		<flickrid>295767845</flickrid>
	</source>
	<owner>
		<flickrid>Do it sideways!</flickrid>
		<name>Robert aka Robbi Z...</name>
	</owner>
	<size>
		<width>500</width>
		<height>333</height>
		<depth>3</depth>
	</size>
	<segmented>0</segmented>
	<object>
		<name>car</name>
		<pose>Frontal</pose>
		<truncated>0</truncated>
		<difficult>0</difficult>
		<bndbox>
			<xmin>90</xmin>
			<ymin>46</ymin>
			<xmax>435</xmax>
			<ymax>289</ymax>
		</bndbox>
	</object>
</annotation>
