<annotation>
	<folder>VOC2007</folder>
	<filename>001873.jpg</filename>
	<source>
		<database>The VOC2007 Database</database>
		<annotation>PASCAL VOC2007</annotation>
		<image>flickr</image>
		<flickrid>298328495</flickrid>
	</source>
	<owner>
		<flickrid>ClassicRallies</flickrid>
		<name>OLIVER JACQ</name>
	</owner>
	<size>
		<width>500</width>
		<height>332</height>
		<depth>3</depth>
	</size>
	<segmented>0</segmented>
	<object>
		<name>car</name>
		<pose>Rear</pose>
		<truncated>0</truncated>
		<difficult>0</difficult>
		<bndbox>
			<xmin>203</xmin>
			<ymin>87</ymin>
			<xmax>436</xmax>
			<ymax>230</ymax>
		</bndbox>
	</object>
</annotation>
