<annotation>
	<folder>VOC2007</folder>
	<filename>001956.jpg</filename>
	<source>
		<database>The VOC2007 Database</database>
		<annotation>PASCAL VOC2007</annotation>
		<image>flickr</image>
		<flickrid>138993004</flickrid>
	</source>
	<owner>
		<flickrid>Nickeh Smith</flickrid>
		<name>Nick Smith</name>
	</owner>
	<size>
		<width>500</width>
		<height>333</height>
		<depth>3</depth>
	</size>
	<segmented>0</segmented>
	<object>
		<name>car</name>
		<pose>Unspecified</pose>
		<truncated>0</truncated>
		<difficult>0</difficult>
		<bndbox>
			<xmin>180</xmin>
			<ymin>111</ymin>
			<xmax>488</xmax>
			<ymax>284</ymax>
		</bndbox>
	</object>
</annotation>
