<annotation>
	<folder>VOC2007</folder>
	<filename>001935.jpg</filename>
	<source>
		<database>The VOC2007 Database</database>
		<annotation>PASCAL VOC2007</annotation>
		<image>flickr</image>
		<flickrid>225449610</flickrid>
	</source>
	<owner>
		<flickrid>Ian D Henden</flickrid>
		<name>Ian Henden</name>
	</owner>
	<size>
		<width>500</width>
		<height>374</height>
		<depth>3</depth>
	</size>
	<segmented>0</segmented>
	<object>
		<name>train</name>
		<pose>Left</pose>
		<truncated>1</truncated>
		<difficult>0</difficult>
		<bndbox>
			<xmin>42</xmin>
			<ymin>114</ymin>
			<xmax>500</xmax>
			<ymax>217</ymax>
		</bndbox>
	</object>
	<object>
		<name>car</name>
		<pose>Left</pose>
		<truncated>0</truncated>
		<difficult>0</difficult>
		<bndbox>
			<xmin>370</xmin>
			<ymin>181</ymin>
			<xmax>443</xmax>
			<ymax>214</ymax>
		</bndbox>
	</object>
</annotation>
