<annotation>
	<folder>VOC2007</folder>
	<filename>001951.jpg</filename>
	<source>
		<database>The VOC2007 Database</database>
		<annotation>PASCAL VOC2007</annotation>
		<image>flickr</image>
		<flickrid>238706362</flickrid>
	</source>
	<owner>
		<flickrid>Leon Jacobs</flickrid>
		<name>Leon Jacobs</name>
	</owner>
	<size>
		<width>500</width>
		<height>323</height>
		<depth>3</depth>
	</size>
	<segmented>0</segmented>
	<object>
		<name>car</name>
		<pose>Unspecified</pose>
		<truncated>0</truncated>
		<difficult>0</difficult>
		<bndbox>
			<xmin>5</xmin>
			<ymin>27</ymin>
			<xmax>486</xmax>
			<ymax>299</ymax>
		</bndbox>
	</object>
</annotation>
