<annotation>
	<folder>VOC2007</folder>
	<filename>001919.jpg</filename>
	<source>
		<database>The VOC2007 Database</database>
		<annotation>PASCAL VOC2007</annotation>
		<image>flickr</image>
		<flickrid>207557191</flickrid>
	</source>
	<owner>
		<flickrid>KevBow</flickrid>
		<name>?</name>
	</owner>
	<size>
		<width>500</width>
		<height>333</height>
		<depth>3</depth>
	</size>
	<segmented>0</segmented>
	<object>
		<name>car</name>
		<pose>Frontal</pose>
		<truncated>0</truncated>
		<difficult>0</difficult>
		<bndbox>
			<xmin>203</xmin>
			<ymin>85</ymin>
			<xmax>350</xmax>
			<ymax>212</ymax>
		</bndbox>
	</object>
</annotation>
