<annotation>
	<folder>VOC2007</folder>
	<filename>001930.jpg</filename>
	<source>
		<database>The VOC2007 Database</database>
		<annotation>PASCAL VOC2007</annotation>
		<image>flickr</image>
		<flickrid>312215000</flickrid>
	</source>
	<owner>
		<flickrid>areldos</flickrid>
		<name>Simona</name>
	</owner>
	<size>
		<width>500</width>
		<height>346</height>
		<depth>3</depth>
	</size>
	<segmented>0</segmented>
	<object>
		<name>train</name>
		<pose>Frontal</pose>
		<truncated>0</truncated>
		<difficult>0</difficult>
		<bndbox>
			<xmin>335</xmin>
			<ymin>113</ymin>
			<xmax>390</xmax>
			<ymax>181</ymax>
		</bndbox>
	</object>
	<object>
		<name>train</name>
		<pose>Frontal</pose>
		<truncated>0</truncated>
		<difficult>0</difficult>
		<bndbox>
			<xmin>79</xmin>
			<ymin>73</ymin>
			<xmax>217</xmax>
			<ymax>203</ymax>
		</bndbox>
	</object>
</annotation>
