<annotation>
	<folder>VOC2007</folder>
	<filename>002041.jpg</filename>
	<source>
		<database>The VOC2007 Database</database>
		<annotation>PASCAL VOC2007</annotation>
		<image>flickr</image>
		<flickrid>125743469</flickrid>
	</source>
	<owner>
		<flickrid>pieaddict</flickrid>
		<name>Lord Viscount Gerlach Von Schachtschneider-Williams III</name>
	</owner>
	<size>
		<width>500</width>
		<height>332</height>
		<depth>3</depth>
	</size>
	<segmented>0</segmented>
	<object>
		<name>car</name>
		<pose>Frontal</pose>
		<truncated>0</truncated>
		<difficult>0</difficult>
		<bndbox>
			<xmin>40</xmin>
			<ymin>161</ymin>
			<xmax>206</xmax>
			<ymax>300</ymax>
		</bndbox>
	</object>
</annotation>
