<annotation>
	<folder>VOC2007</folder>
	<filename>002232.jpg</filename>
	<source>
		<database>The VOC2007 Database</database>
		<annotation>PASCAL VOC2007</annotation>
		<image>flickr</image>
		<flickrid>320895386</flickrid>
	</source>
	<owner>
		<flickrid>ctman987</flickrid>
		<name>?</name>
	</owner>
	<size>
		<width>500</width>
		<height>303</height>
		<depth>3</depth>
	</size>
	<segmented>0</segmented>
	<object>
		<name>car</name>
		<pose>Left</pose>
		<truncated>0</truncated>
		<difficult>0</difficult>
		<bndbox>
			<xmin>396</xmin>
			<ymin>237</ymin>
			<xmax>493</xmax>
			<ymax>282</ymax>
		</bndbox>
	</object>
	<object>
		<name>car</name>
		<pose>Right</pose>
		<truncated>0</truncated>
		<difficult>0</difficult>
		<bndbox>
			<xmin>360</xmin>
			<ymin>220</ymin>
			<xmax>391</xmax>
			<ymax>237</ymax>
		</bndbox>
	</object>
	<object>
		<name>car</name>
		<pose>Unspecified</pose>
		<truncated>1</truncated>
		<difficult>1</difficult>
		<bndbox>
			<xmin>457</xmin>
			<ymin>232</ymin>
			<xmax>492</xmax>
			<ymax>251</ymax>
		</bndbox>
	</object>
</annotation>
