<annotation>
	<folder>VOC2007</folder>
	<filename>002416.jpg</filename>
	<source>
		<database>The VOC2007 Database</database>
		<annotation>PASCAL VOC2007</annotation>
		<image>flickr</image>
		<flickrid>196638143</flickrid>
	</source>
	<owner>
		<flickrid>Mister Rad</flickrid>
		<name>Mark Radford</name>
	</owner>
	<size>
		<width>500</width>
		<height>375</height>
		<depth>3</depth>
	</size>
	<segmented>0</segmented>
	<object>
		<name>car</name>
		<pose>Unspecified</pose>
		<truncated>0</truncated>
		<difficult>0</difficult>
		<bndbox>
			<xmin>168</xmin>
			<ymin>150</ymin>
			<xmax>488</xmax>
			<ymax>316</ymax>
		</bndbox>
	</object>
</annotation>
