<annotation>
	<folder>VOC2007</folder>
	<filename>002424.jpg</filename>
	<source>
		<database>The VOC2007 Database</database>
		<annotation>PASCAL VOC2007</annotation>
		<image>flickr</image>
		<flickrid>339631344</flickrid>
	</source>
	<owner>
		<flickrid>robert.molinarius</flickrid>
		<name>Robert M?ller</name>
	</owner>
	<size>
		<width>500</width>
		<height>323</height>
		<depth>3</depth>
	</size>
	<segmented>0</segmented>
	<object>
		<name>car</name>
		<pose>Unspecified</pose>
		<truncated>1</truncated>
		<difficult>0</difficult>
		<bndbox>
			<xmin>401</xmin>
			<ymin>222</ymin>
			<xmax>490</xmax>
			<ymax>285</ymax>
		</bndbox>
	</object>
</annotation>
