<annotation>
	<folder>VOC2007</folder>
	<filename>002418.jpg</filename>
	<source>
		<database>The VOC2007 Database</database>
		<annotation>PASCAL VOC2007</annotation>
		<image>flickr</image>
		<flickrid>321919688</flickrid>
	</source>
	<owner>
		<flickrid>Chris&amp;AmyCate</flickrid>
		<name>Christopher Esposito</name>
	</owner>
	<size>
		<width>500</width>
		<height>333</height>
		<depth>3</depth>
	</size>
	<segmented>0</segmented>
	<object>
		<name>train</name>
		<pose>Unspecified</pose>
		<truncated>1</truncated>
		<difficult>0</difficult>
		<bndbox>
			<xmin>1</xmin>
			<ymin>149</ymin>
			<xmax>260</xmax>
			<ymax>209</ymax>
		</bndbox>
	</object>
	<object>
		<name>car</name>
		<pose>Unspecified</pose>
		<truncated>1</truncated>
		<difficult>1</difficult>
		<bndbox>
			<xmin>394</xmin>
			<ymin>208</ymin>
			<xmax>434</xmax>
			<ymax>220</ymax>
		</bndbox>
	</object>
</annotation>
