<annotation>
	<folder>VOC2007</folder>
	<filename>002406.jpg</filename>
	<source>
		<database>The VOC2007 Database</database>
		<annotation>PASCAL VOC2007</annotation>
		<image>flickr</image>
		<flickrid>218003050</flickrid>
	</source>
	<owner>
		<flickrid>Golfhunter</flickrid>
		<name>Golfhunter Septime</name>
	</owner>
	<size>
		<width>500</width>
		<height>375</height>
		<depth>3</depth>
	</size>
	<segmented>0</segmented>
	<object>
		<name>car</name>
		<pose>Left</pose>
		<truncated>0</truncated>
		<difficult>0</difficult>
		<bndbox>
			<xmin>221</xmin>
			<ymin>167</ymin>
			<xmax>449</xmax>
			<ymax>238</ymax>
		</bndbox>
	</object>
</annotation>
