<annotation>
	<folder>VOC2007</folder>
	<filename>002522.jpg</filename>
	<source>
		<database>The VOC2007 Database</database>
		<annotation>PASCAL VOC2007</annotation>
		<image>flickr</image>
		<flickrid>281380936</flickrid>
	</source>
	<owner>
		<flickrid>Mulsanne</flickrid>
		<name>Jeffrey Keeton</name>
	</owner>
	<size>
		<width>500</width>
		<height>333</height>
		<depth>3</depth>
	</size>
	<segmented>0</segmented>
	<object>
		<name>car</name>
		<pose>Unspecified</pose>
		<truncated>1</truncated>
		<difficult>0</difficult>
		<bndbox>
			<xmin>1</xmin>
			<ymin>12</ymin>
			<xmax>495</xmax>
			<ymax>286</ymax>
		</bndbox>
	</object>
</annotation>
