<annotation>
	<folder>VOC2007</folder>
	<filename>002577.jpg</filename>
	<source>
		<database>The VOC2007 Database</database>
		<annotation>PASCAL VOC2007</annotation>
		<image>flickr</image>
		<flickrid>142660889</flickrid>
	</source>
	<owner>
		<flickrid>Prowlor</flickrid>
		<name>Quentin Bosch</name>
	</owner>
	<size>
		<width>500</width>
		<height>375</height>
		<depth>3</depth>
	</size>
	<segmented>0</segmented>
	<object>
		<name>car</name>
		<pose>Unspecified</pose>
		<truncated>0</truncated>
		<difficult>0</difficult>
		<bndbox>
			<xmin>28</xmin>
			<ymin>54</ymin>
			<xmax>478</xmax>
			<ymax>311</ymax>
		</bndbox>
	</object>
</annotation>
