<annotation>
	<folder>VOC2007</folder>
	<filename>002583.jpg</filename>
	<source>
		<database>The VOC2007 Database</database>
		<annotation>PASCAL VOC2007</annotation>
		<image>flickr</image>
		<flickrid>133808770</flickrid>
	</source>
	<owner>
		<flickrid>cullenscannell</flickrid>
		<name>?</name>
	</owner>
	<size>
		<width>500</width>
		<height>375</height>
		<depth>3</depth>
	</size>
	<segmented>0</segmented>
	<object>
		<name>car</name>
		<pose>Unspecified</pose>
		<truncated>0</truncated>
		<difficult>0</difficult>
		<bndbox>
			<xmin>65</xmin>
			<ymin>266</ymin>
			<xmax>390</xmax>
			<ymax>375</ymax>
		</bndbox>
	</object>
</annotation>
