<annotation>
	<folder>VOC2007</folder>
	<filename>002607.jpg</filename>
	<source>
		<database>The VOC2007 Database</database>
		<annotation>PASCAL VOC2007</annotation>
		<image>flickr</image>
		<flickrid>338867313</flickrid>
	</source>
	<owner>
		<flickrid>csp1</flickrid>
		<name>?</name>
	</owner>
	<size>
		<width>500</width>
		<height>318</height>
		<depth>3</depth>
	</size>
	<segmented>0</segmented>
	<object>
		<name>car</name>
		<pose>Unspecified</pose>
		<truncated>0</truncated>
		<difficult>0</difficult>
		<bndbox>
			<xmin>126</xmin>
			<ymin>112</ymin>
			<xmax>348</xmax>
			<ymax>193</ymax>
		</bndbox>
	</object>
</annotation>
