[{"boxes": [[140, 49, 499, 329]], "labels": [7], "difficulties": [0]}, {"boxes": [[155, 96, 350, 269]], "labels": [7], "difficulties": [0]}, {"boxes": [[32, 147, 370, 415]], "labels": [7], "difficulties": [0]}, {"boxes": [[195, 164, 488, 246]], "labels": [19], "difficulties": [0]}, {"boxes": [[89, 124, 336, 211]], "labels": [7], "difficulties": [0]}, {"boxes": [[115, 166, 359, 399], [140, 152, 332, 228]], "labels": [19, 19], "difficulties": [0, 0]}, {"boxes": [[262, 31, 499, 294], [0, 35, 234, 298]], "labels": [19, 19], "difficulties": [0, 0]}, {"boxes": [[14, 0, 458, 311]], "labels": [7], "difficulties": [0]}, {"boxes": [[0, 136, 426, 332], [0, 61, 478, 234], [0, 26, 421, 140], [43, 6, 457, 133], [198, 5, 474, 97]], "labels": [7, 7, 7, 7, 7], "difficulties": [0, 0, 0, 0, 0]}, {"boxes": [[108, 32, 446, 308]], "labels": [7], "difficulties": [0]}, {"boxes": [[124, 240, 194, 283], [80, 247, 104, 267], [90, 249, 125, 273]], "labels": [7, 7, 7], "difficulties": [0, 0, 0]}, {"boxes": [[19, 51, 438, 284], [0, 124, 113, 233]], "labels": [19, 19], "difficulties": [0, 0]}, {"boxes": [[0, 25, 357, 339]], "labels": [19], "difficulties": [0]}, {"boxes": [[0, 98, 474, 265]], "labels": [7], "difficulties": [0]}, {"boxes": [[0, 114, 486, 329]], "labels": [7], "difficulties": [0]}, {"boxes": [[25, 80, 464, 265]], "labels": [7], "difficulties": [0]}, {"boxes": [[236, 146, 357, 190], [137, 55, 165, 69], [46, 113, 117, 124], [2, 108, 63, 121]], "labels": [7, 7, 7, 7], "difficulties": [0, 1, 1, 1]}, {"boxes": [[431, 102, 495, 143], [403, 113, 434, 142]], "labels": [7, 7], "difficulties": [0, 1]}, {"boxes": [[0, 15, 497, 332]], "labels": [7], "difficulties": [0]}, {"boxes": [[103, 33, 445, 389], [67, 194, 120, 287]], "labels": [7, 7], "difficulties": [0, 0]}, {"boxes": [[22, 27, 479, 283], [438, 22, 499, 177], [11, 45, 103, 131]], "labels": [7, 7, 7], "difficulties": [0, 0, 1]}, {"boxes": [[13, 109, 495, 355]], "labels": [7], "difficulties": [0]}, {"boxes": [[159, 133, 285, 238]], "labels": [19], "difficulties": [0]}, {"boxes": [[376, 210, 403, 224]], "labels": [7], "difficulties": [1]}, {"boxes": [[39, 126, 463, 291], [426, 113, 499, 166]], "labels": [7, 7], "difficulties": [0, 0]}, {"boxes": [[71, 76, 431, 252]], "labels": [7], "difficulties": [0]}, {"boxes": [[0, 1, 450, 192]], "labels": [7], "difficulties": [0]}, {"boxes": [[17, 130, 487, 291]], "labels": [7], "difficulties": [0]}, {"boxes": [[0, 473, 148, 499], [1, 449, 82, 474], [95, 434, 274, 499], [361, 439, 452, 499]], "labels": [7, 7, 7, 7], "difficulties": [1, 1, 0, 0]}, {"boxes": [[342, 95, 499, 195]], "labels": [7], "difficulties": [0]}, {"boxes": [[18, 223, 354, 322], [0, 354, 68, 498]], "labels": [7, 7], "difficulties": [0, 1]}, {"boxes": [[149, 119, 442, 182]], "labels": [19], "difficulties": [0]}, {"boxes": [[29, 141, 76, 204]], "labels": [7], "difficulties": [0]}, {"boxes": [[48, 98, 336, 230]], "labels": [7], "difficulties": [0]}, {"boxes": [[426, 124, 499, 180]], "labels": [7], "difficulties": [0]}, {"boxes": [[487, 275, 499, 319], [474, 250, 485, 272], [278, 224, 477, 339], [244, 229, 315, 279], [0, 240, 86, 374]], "labels": [7, 7, 7, 7, 7], "difficulties": [1, 1, 0, 0, 0]}, {"boxes": [[14, 38, 499, 279], [464, 70, 499, 164], [444, 67, 499, 92], [0, 62, 92, 112], [1, 80, 84, 130], [0, 110, 50, 195]], "labels": [7, 7, 7, 7, 7, 7], "difficulties": [0, 1, 1, 1, 1, 1]}, {"boxes": [[46, 41, 432, 353]], "labels": [7], "difficulties": [0]}, {"boxes": [[2, 1, 499, 333]], "labels": [19], "difficulties": [0]}, {"boxes": [[117, 150, 406, 220]], "labels": [7], "difficulties": [0]}, {"boxes": [[321, 78, 435, 166], [200, 80, 300, 142]], "labels": [7, 7], "difficulties": [0, 0]}, {"boxes": [[304, 7, 336, 26], [271, 9, 303, 25], [227, 0, 272, 28]], "labels": [7, 7, 7], "difficulties": [1, 0, 0]}, {"boxes": [[290, 210, 317, 232], [218, 219, 240, 236], [258, 211, 273, 223]], "labels": [7, 7, 7], "difficulties": [1, 0, 1]}, {"boxes": [[36, 109, 272, 177]], "labels": [7], "difficulties": [0]}, {"boxes": [[81, 72, 383, 202]], "labels": [7], "difficulties": [0]}, {"boxes": [[24, 73, 488, 322]], "labels": [7], "difficulties": [0]}, {"boxes": [[21, 35, 426, 292]], "labels": [7], "difficulties": [0]}, {"boxes": [[429, 183, 499, 228], [1, 254, 499, 374]], "labels": [7, 7], "difficulties": [0, 1]}, {"boxes": [[18, 342, 318, 452]], "labels": [7], "difficulties": [0]}, {"boxes": [[4, 17, 481, 254]], "labels": [7], "difficulties": [0]}, {"boxes": [[85, 169, 352, 258]], "labels": [7], "difficulties": [0]}, {"boxes": [[132, 88, 393, 320]], "labels": [7], "difficulties": [0]}, {"boxes": [[53, 284, 113, 312], [425, 291, 457, 314]], "labels": [7, 7], "difficulties": [0, 1]}, {"boxes": [[77, 28, 474, 346]], "labels": [7], "difficulties": [0]}, {"boxes": [[84, 315, 124, 339]], "labels": [7], "difficulties": [0]}, {"boxes": [[0, 167, 307, 208]], "labels": [19], "difficulties": [0]}, {"boxes": [[37, 35, 324, 425]], "labels": [19], "difficulties": [0]}, {"boxes": [[8, 99, 322, 230]], "labels": [7], "difficulties": [0]}, {"boxes": [[481, 41, 499, 72]], "labels": [7], "difficulties": [1]}, {"boxes": [[15, 27, 453, 314]], "labels": [7], "difficulties": [0]}, {"boxes": [[52, 156, 447, 358]], "labels": [7], "difficulties": [0]}, {"boxes": [[62, 131, 78, 153]], "labels": [7], "difficulties": [1]}, {"boxes": [[361, 128, 499, 253], [0, 53, 312, 329]], "labels": [19, 19], "difficulties": [0, 0]}, {"boxes": [[0, 57, 368, 457]], "labels": [7], "difficulties": [0]}, {"boxes": [[0, 1, 467, 374]], "labels": [7], "difficulties": [0]}, {"boxes": [[63, 163, 150, 209], [146, 166, 185, 199]], "labels": [7, 7], "difficulties": [0, 0]}, {"boxes": [[35, 127, 433, 270]], "labels": [7], "difficulties": [0]}, {"boxes": [[134, 92, 320, 297]], "labels": [19], "difficulties": [0]}, {"boxes": [[112, 194, 149, 212], [223, 192, 267, 207], [236, 193, 271, 211], [247, 195, 286, 213], [258, 193, 334, 218], [94, 190, 123, 194], [78, 201, 155, 220]], "labels": [7, 7, 7, 7, 7, 7, 7], "difficulties": [1, 1, 1, 1, 0, 1, 1]}, {"boxes": [[21, 85, 432, 343], [22, 95, 90, 145], [297, 86, 499, 242]], "labels": [7, 7, 7], "difficulties": [0, 0, 0]}, {"boxes": [[102, 177, 128, 195]], "labels": [7], "difficulties": [1]}, {"boxes": [[274, 66, 367, 100], [315, 76, 435, 116], [265, 94, 396, 141], [90, 72, 178, 110], [343, 116, 432, 164]], "labels": [7, 7, 7, 7, 7], "difficulties": [0, 0, 0, 0, 1]}, {"boxes": [[460, 154, 487, 172], [262, 158, 308, 185], [1, 138, 155, 224]], "labels": [7, 7, 7], "difficulties": [1, 0, 0]}, {"boxes": [[198, 108, 499, 335]], "labels": [7], "difficulties": [0]}, {"boxes": [[320, 174, 385, 191]], "labels": [7], "difficulties": [0]}, {"boxes": [[0, 0, 373, 212]], "labels": [19], "difficulties": [0]}, {"boxes": [[113, 181, 302, 308], [50, 266, 70, 279], [18, 271, 35, 283]], "labels": [7, 7, 7], "difficulties": [0, 1, 1]}, {"boxes": [[125, 271, 375, 370], [401, 265, 499, 360], [0, 280, 76, 333]], "labels": [7, 7, 7], "difficulties": [0, 0, 0]}, {"boxes": [[153, 148, 419, 341], [14, 208, 39, 237]], "labels": [19, 19], "difficulties": [0, 1]}, {"boxes": [[1, 212, 27, 234]], "labels": [7], "difficulties": [1]}, {"boxes": [[431, 82, 499, 130], [372, 82, 457, 134], [310, 84, 407, 139], [96, 88, 221, 119], [0, 94, 105, 171], [1, 93, 443, 311]], "labels": [7, 7, 7, 7, 7, 7], "difficulties": [0, 0, 0, 1, 0, 0]}, {"boxes": [[6, 38, 62, 93], [361, 23, 421, 52], [375, 35, 421, 80], [372, 67, 421, 107], [375, 97, 421, 209]], "labels": [7, 7, 7, 7, 7], "difficulties": [0, 1, 0, 1, 1]}, {"boxes": [[11, 90, 494, 306]], "labels": [7], "difficulties": [0]}, {"boxes": [[28, 117, 85, 257], [0, 67, 27, 291], [78, 86, 425, 271]], "labels": [19, 19, 19], "difficulties": [1, 1, 0]}, {"boxes": [[7, 41, 499, 316]], "labels": [7], "difficulties": [0]}, {"boxes": [[1, 38, 497, 346]], "labels": [19], "difficulties": [0]}, {"boxes": [[11, 223, 55, 251], [0, 216, 15, 263], [401, 226, 425, 238], [429, 224, 462, 238], [140, 237, 222, 275], [124, 245, 476, 332], [228, 224, 260, 239]], "labels": [7, 7, 7, 7, 7, 7, 7], "difficulties": [0, 0, 0, 0, 0, 0, 1]}, {"boxes": [[2, 92, 382, 272]], "labels": [19], "difficulties": [0]}, {"boxes": [[163, 126, 189, 146]], "labels": [7], "difficulties": [1]}, {"boxes": [[84, 35, 446, 224]], "labels": [19], "difficulties": [0]}, {"boxes": [[16, 25, 480, 192]], "labels": [7], "difficulties": [0]}, {"boxes": [[119, 92, 422, 278]], "labels": [7], "difficulties": [0]}, {"boxes": [[83, 45, 449, 296]], "labels": [19], "difficulties": [0]}, {"boxes": [[234, 164, 327, 207], [442, 173, 499, 205], [77, 169, 112, 191], [37, 169, 70, 187]], "labels": [7, 7, 7, 7], "difficulties": [0, 0, 0, 0]}, {"boxes": [[294, 120, 499, 203], [0, 180, 32, 203]], "labels": [19, 7], "difficulties": [0, 0]}, {"boxes": [[48, 159, 342, 264]], "labels": [7], "difficulties": [0]}, {"boxes": [[354, 0, 384, 19], [88, 114, 173, 169], [475, 124, 499, 159], [51, 12, 80, 38]], "labels": [7, 7, 7, 7], "difficulties": [0, 1, 1, 1]}, {"boxes": [[82, 123, 238, 376]], "labels": [19], "difficulties": [0]}, {"boxes": [[60, 403, 108, 435], [40, 407, 63, 429], [25, 408, 42, 426], [10, 407, 28, 423]], "labels": [7, 7, 7, 7], "difficulties": [0, 0, 1, 1]}, {"boxes": [[80, 84, 427, 291]], "labels": [7], "difficulties": [0]}, {"boxes": [[170, 38, 471, 282], [11, 15, 150, 283]], "labels": [19, 19], "difficulties": [0, 0]}, {"boxes": [[7, 113, 490, 291]], "labels": [7], "difficulties": [0]}, {"boxes": [[294, 203, 350, 244], [71, 207, 208, 318], [191, 205, 225, 244]], "labels": [7, 7, 7], "difficulties": [0, 0, 1]}, {"boxes": [[91, 138, 472, 242]], "labels": [19], "difficulties": [0]}, {"boxes": [[60, 178, 449, 349], [422, 161, 499, 258]], "labels": [7, 7], "difficulties": [0, 0]}, {"boxes": [[0, 146, 109, 318]], "labels": [7], "difficulties": [0]}, {"boxes": [[1, 30, 499, 362]], "labels": [19], "difficulties": [0]}, {"boxes": [[66, 206, 110, 242], [168, 156, 182, 169], [420, 189, 451, 206], [379, 195, 418, 215], [11, 128, 36, 140], [2, 130, 14, 147]], "labels": [7, 7, 7, 7, 7, 7], "difficulties": [0, 1, 1, 1, 1, 1]}, {"boxes": [[333, 45, 425, 100], [405, 70, 499, 124], [45, 35, 442, 276]], "labels": [7, 7, 7], "difficulties": [0, 1, 0]}, {"boxes": [[15, 107, 386, 282], [382, 152, 499, 221]], "labels": [19, 19], "difficulties": [0, 0]}, {"boxes": [[41, 47, 492, 311]], "labels": [19], "difficulties": [0]}, {"boxes": [[22, 123, 499, 332]], "labels": [19], "difficulties": [0]}, {"boxes": [[19, 114, 432, 287]], "labels": [7], "difficulties": [0]}, {"boxes": [[148, 270, 178, 294], [35, 261, 93, 308], [177, 244, 262, 318], [257, 265, 292, 295], [320, 252, 396, 332], [326, 258, 453, 331]], "labels": [7, 7, 7, 7, 7, 7], "difficulties": [0, 0, 0, 0, 0, 0]}, {"boxes": [[0, 14, 225, 275]], "labels": [7], "difficulties": [1]}, {"boxes": [[213, 136, 365, 276], [395, 86, 465, 182]], "labels": [19, 19], "difficulties": [0, 0]}, {"boxes": [[64, 100, 430, 280]], "labels": [7], "difficulties": [0]}, {"boxes": [[5, 37, 352, 334]], "labels": [7], "difficulties": [0]}, {"boxes": [[410, 182, 499, 211]], "labels": [7], "difficulties": [0]}, {"boxes": [[263, 74, 437, 135], [0, 116, 116, 180]], "labels": [7, 7], "difficulties": [0, 0]}, {"boxes": [[1, 198, 26, 244]], "labels": [7], "difficulties": [1]}, {"boxes": [[162, 54, 317, 188]], "labels": [19], "difficulties": [0]}, {"boxes": [[51, 54, 478, 370], [108, 38, 177, 63], [253, 42, 269, 55], [219, 42, 235, 53]], "labels": [7, 7, 7, 7], "difficulties": [0, 0, 1, 1]}, {"boxes": [[322, 86, 405, 213], [60, 167, 124, 201], [94, 164, 139, 193]], "labels": [19, 7, 7], "difficulties": [0, 0, 1]}, {"boxes": [[249, 177, 342, 214]], "labels": [7], "difficulties": [0]}, {"boxes": [[340, 193, 368, 204]], "labels": [7], "difficulties": [1]}, {"boxes": [[265, 173, 433, 271], [209, 170, 311, 226], [0, 175, 222, 332]], "labels": [7, 7, 7], "difficulties": [0, 0, 0]}, {"boxes": [[221, 166, 247, 186]], "labels": [7], "difficulties": [0]}, {"boxes": [[55, 0, 499, 374]], "labels": [19], "difficulties": [0]}, {"boxes": [[18, 19, 485, 161]], "labels": [19], "difficulties": [0]}, {"boxes": [[15, 7, 474, 320]], "labels": [19], "difficulties": [0]}, {"boxes": [[103, 100, 263, 384]], "labels": [19], "difficulties": [0]}, {"boxes": [[114, 155, 265, 212]], "labels": [7], "difficulties": [0]}, {"boxes": [[100, 91, 422, 286], [306, 102, 413, 179]], "labels": [7, 7], "difficulties": [0, 1]}, {"boxes": [[28, 89, 322, 244], [264, 61, 488, 177]], "labels": [7, 7], "difficulties": [0, 0]}, {"boxes": [[168, 120, 393, 233]], "labels": [7], "difficulties": [0]}, {"boxes": [[25, 169, 476, 335]], "labels": [7], "difficulties": [0]}, {"boxes": [[153, 61, 224, 96]], "labels": [7], "difficulties": [1]}, {"boxes": [[323, 150, 403, 209], [92, 160, 122, 178], [0, 160, 25, 180], [236, 162, 251, 171]], "labels": [7, 7, 7, 7], "difficulties": [0, 0, 1, 1]}, {"boxes": [[32, 187, 480, 321]], "labels": [19], "difficulties": [0]}, {"boxes": [[175, 171, 209, 212], [296, 163, 333, 183], [166, 163, 341, 309]], "labels": [7, 7, 7], "difficulties": [1, 0, 0]}, {"boxes": [[15, 69, 488, 287], [471, 103, 499, 124], [3, 96, 67, 118], [42, 95, 95, 114], [101, 94, 131, 123]], "labels": [7, 7, 7, 7, 7], "difficulties": [0, 1, 0, 1, 1]}, {"boxes": [[48, 134, 241, 207]], "labels": [7], "difficulties": [0]}, {"boxes": [[6, 90, 447, 271]], "labels": [7], "difficulties": [0]}, {"boxes": [[68, 42, 404, 289]], "labels": [7], "difficulties": [0]}, {"boxes": [[186, 213, 246, 261], [258, 217, 287, 242], [290, 215, 359, 261], [350, 212, 367, 244], [59, 215, 104, 233]], "labels": [7, 7, 7, 7, 7], "difficulties": [0, 0, 0, 1, 1]}, {"boxes": [[99, 137, 430, 311]], "labels": [19], "difficulties": [0]}, {"boxes": [[89, 139, 333, 323], [329, 17, 449, 106], [258, 88, 332, 141], [398, 2, 463, 36], [79, 244, 109, 274]], "labels": [7, 7, 7, 7, 7], "difficulties": [0, 0, 0, 1, 1]}, {"boxes": [[103, 155, 178, 188], [45, 156, 88, 187]], "labels": [7, 7], "difficulties": [0, 0]}, {"boxes": [[318, 88, 347, 103], [276, 81, 304, 102], [462, 78, 496, 102], [483, 89, 499, 112]], "labels": [7, 7, 7, 7], "difficulties": [1, 1, 0, 0]}, {"boxes": [[225, 73, 463, 239]], "labels": [7], "difficulties": [0]}, {"boxes": [[39, 63, 457, 312]], "labels": [7], "difficulties": [0]}, {"boxes": [[1, 1, 498, 374]], "labels": [7], "difficulties": [0]}, {"boxes": [[79, 169, 115, 205], [78, 161, 96, 170], [0, 203, 219, 337]], "labels": [7, 7, 7], "difficulties": [0, 1, 0]}, {"boxes": [[414, 88, 499, 125]], "labels": [7], "difficulties": [0]}, {"boxes": [[1, 113, 451, 263]], "labels": [7], "difficulties": [0]}, {"boxes": [[74, 101, 407, 348], [266, 88, 499, 247], [57, 72, 104, 117], [121, 75, 178, 106], [189, 74, 252, 106], [248, 77, 311, 102], [307, 78, 343, 95], [292, 70, 326, 81], [0, 72, 25, 119]], "labels": [7, 7, 7, 7, 7, 7, 7, 7, 7], "difficulties": [0, 0, 0, 0, 0, 0, 1, 1, 1]}, {"boxes": [[170, 71, 387, 302], [73, 150, 152, 249]], "labels": [19, 19], "difficulties": [0, 0]}, {"boxes": [[253, 151, 384, 203]], "labels": [7], "difficulties": [0]}, {"boxes": [[184, 167, 486, 315], [44, 156, 103, 186], [0, 157, 42, 188], [393, 129, 418, 146], [356, 129, 389, 148]], "labels": [7, 7, 7, 7, 7], "difficulties": [0, 0, 0, 1, 1]}, {"boxes": [[121, 242, 320, 370]], "labels": [7], "difficulties": [0]}, {"boxes": [[104, 169, 179, 204], [186, 185, 231, 206]], "labels": [7, 7], "difficulties": [0, 0]}, {"boxes": [[196, 184, 223, 214], [145, 174, 182, 225], [130, 189, 148, 202]], "labels": [7, 7, 7], "difficulties": [0, 0, 1]}, {"boxes": [[116, 160, 159, 180], [159, 161, 195, 176], [46, 158, 100, 191]], "labels": [7, 7, 7], "difficulties": [0, 0, 0]}, {"boxes": [[97, 106, 460, 242], [0, 114, 86, 217]], "labels": [19, 19], "difficulties": [0, 0]}, {"boxes": [[50, 171, 457, 279]], "labels": [7], "difficulties": [0]}, {"boxes": [[0, 114, 44, 185], [7, 106, 233, 229], [109, 125, 290, 263], [244, 87, 499, 339]], "labels": [7, 7, 7, 7], "difficulties": [1, 0, 0, 0]}, {"boxes": [[156, 104, 465, 276]], "labels": [19], "difficulties": [0]}, {"boxes": [[52, 103, 472, 262]], "labels": [7], "difficulties": [0]}, {"boxes": [[0, 246, 148, 417], [2, 349, 56, 472], [194, 264, 204, 297]], "labels": [7, 7, 7], "difficulties": [0, 1, 1]}, {"boxes": [[46, 22, 460, 357], [450, 74, 499, 126], [396, 51, 459, 105]], "labels": [7, 7, 7], "difficulties": [0, 0, 0]}, {"boxes": [[177, 118, 345, 301], [0, 94, 155, 350]], "labels": [19, 19], "difficulties": [0, 0]}, {"boxes": [[334, 45, 363, 57], [357, 42, 381, 56], [378, 38, 399, 49]], "labels": [7, 7, 7], "difficulties": [1, 1, 1]}, {"boxes": [[10, 105, 481, 268]], "labels": [7], "difficulties": [0]}, {"boxes": [[29, 37, 482, 218]], "labels": [7], "difficulties": [0]}, {"boxes": [[1, 92, 457, 311]], "labels": [7], "difficulties": [0]}, {"boxes": [[1, 114, 56, 181]], "labels": [7], "difficulties": [0]}, {"boxes": [[0, 235, 152, 300]], "labels": [7], "difficulties": [0]}, {"boxes": [[217, 100, 324, 290]], "labels": [19], "difficulties": [0]}, {"boxes": [[231, 2, 499, 164], [0, 25, 118, 165], [0, 0, 159, 60], [254, 0, 356, 28]], "labels": [7, 7, 7, 7], "difficulties": [0, 0, 1, 1]}, {"boxes": [[0, 83, 158, 287], [196, 97, 322, 255], [362, 72, 499, 259]], "labels": [19, 19, 19], "difficulties": [0, 0, 0]}, {"boxes": [[0, 162, 59, 218], [39, 158, 64, 177], [318, 173, 434, 228], [0, 205, 42, 364]], "labels": [7, 7, 7, 7], "difficulties": [0, 1, 0, 0]}, {"boxes": [[91, 124, 361, 247], [4, 59, 52, 112]], "labels": [7, 7], "difficulties": [0, 1]}, {"boxes": [[26, 176, 229, 342], [2, 193, 36, 265]], "labels": [7, 7], "difficulties": [0, 0]}, {"boxes": [[244, 32, 290, 64], [56, 60, 435, 374]], "labels": [7, 7], "difficulties": [0, 0]}, {"boxes": [[0, 52, 497, 307]], "labels": [7], "difficulties": [0]}, {"boxes": [[61, 76, 455, 356], [0, 76, 116, 202], [118, 74, 197, 119], [380, 75, 494, 119]], "labels": [7, 7, 7, 7], "difficulties": [0, 0, 1, 0]}, {"boxes": [[396, 194, 477, 242], [297, 194, 334, 226], [277, 206, 298, 225], [226, 207, 247, 224], [107, 211, 146, 237], [152, 207, 170, 223], [21, 208, 47, 225], [54, 211, 73, 224], [75, 202, 102, 223], [247, 206, 263, 221], [262, 206, 274, 218]], "labels": [7, 7, 7, 7, 7, 7, 7, 7, 7, 7, 7], "difficulties": [0, 0, 1, 1, 0, 1, 0, 1, 1, 1, 1]}, {"boxes": [[340, 206, 499, 374], [195, 223, 232, 250], [175, 223, 195, 240]], "labels": [7, 7, 7], "difficulties": [0, 0, 1]}, {"boxes": [[2, 75, 484, 294]], "labels": [19], "difficulties": [0]}, {"boxes": [[334, 112, 389, 180], [78, 72, 216, 202]], "labels": [19, 19], "difficulties": [0, 0]}, {"boxes": [[43, 113, 488, 287]], "labels": [7], "difficulties": [0]}, {"boxes": [[10, 210, 331, 432]], "labels": [7], "difficulties": [0]}, {"boxes": [[31, 56, 463, 365], [272, 60, 499, 275], [437, 76, 499, 110]], "labels": [7, 7, 7], "difficulties": [0, 0, 1]}, {"boxes": [[1, 357, 99, 374]], "labels": [7], "difficulties": [1]}, {"boxes": [[17, 53, 165, 193], [0, 36, 81, 371], [117, 118, 336, 250], [374, 161, 499, 374]], "labels": [7, 7, 7, 7], "difficulties": [0, 0, 0, 1]}, {"boxes": [[364, 220, 387, 247]], "labels": [7], "difficulties": [1]}, {"boxes": [[127, 46, 499, 253], [16, 180, 134, 266]], "labels": [7, 7], "difficulties": [1, 0]}, {"boxes": [[42, 81, 499, 297]], "labels": [7], "difficulties": [0]}, {"boxes": [[26, 46, 482, 299]], "labels": [7], "difficulties": [0]}]